window,auth_flow_count,unique_dst_ports,syn_flag_sum,label
0,3,2,0,0
6,1,1,0,0
8,2,1,0,0
9,1,1,0,0
18,2,1,0,0
20,2,1,0,0
22,4,1,0,0
25,2,1,0,0
29,10,2,0,0
30,6,1,0,0
32,4,1,0,0
49,2,1,0,0
51,2,1,0,0
75,2,1,0,0
79,2,1,0,0
114,2,1,0,0
127,2,1,0,0
141,2,1,0,0
143,3,1,0,0
146,5,1,0,0
150,2,1,0,0
172,1,1,0,0
173,5,2,0,0
175,2,1,0,0
184,1,1,0,0
198,1,1,0,0
199,3,1,0,0
214,2,1,0,0
253,2,1,0,0
255,2,1,0,0
281,3,1,0,0
282,1,1,0,0
283,5,1,0,0
302,2,1,0,0
308,2,1,0,0
323,2,1,0,0
324,2,1,0,0
338,4,1,0,0
353,2,1,0,0
359,1,1,0,0
360,3,1,0,0
424,2,1,0,0
426,3,1,0,0
427,2,1,0,0
430,2,1,0,0
431,2,1,0,0
434,2,1,0,0
446,2,1,0,0
451,1,1,0,0
452,1,1,0,0
456,4,1,0,0
459,2,1,0,0
462,5,1,0,0
463,1,1,0,0
464,2,1,0,0
472,2,1,0,0
481,4,1,0,0
502,2,1,0,0
506,4,1,0,0
507,4,1,0,0
508,1,1,0,0
509,3,1,0,0
528,1,1,0,0
529,3,1,0,0
533,1,1,0,0
534,1,1,0,0
535,8,1,0,0
536,2,1,0,0
539,2,1,0,0
540,2,1,0,0
541,6,2,0,0
554,1,1,0,0
555,2,1,0,0
557,1,1,0,0
584,1,1,0,0
585,1,1,0,0
587,2,1,0,0
599,4,1,0,0
600,5,1,0,0
601,1,1,0,0
602,4,1,0,0
622,4,2,0,0
623,6,1,0,0
630,1,1,0,0
633,2,1,0,0
636,1,1,0,0
675,1,1,0,0
676,2,1,0,0
677,1,1,0,0
682,5,1,0,0
686,2,1,0,0
687,1,1,0,0
697,1,1,0,0
698,1,1,0,0
710,8,1,0,0
720,4,1,0,0
721,2,1,0,0
733,2,1,0,0
741,2,1,0,0
743,1,1,0,0
744,2,1,0,0
745,1,1,0,0
749,3,1,0,0
750,1,1,0,0
763,12,2,0,0
764,6,1,0,0
770,1,1,0,0
771,3,1,0,0
784,1,1,0,0
785,1,1,0,0
795,1,1,0,0
796,1,1,0,0
801,1,1,0,0
802,1,1,0,0
807,6,2,0,0
809,3,1,0,0
811,2,1,0,0
824,8,1,0,0
829,2,1,0,0
833,1,1,0,0
834,1,1,0,0
836,6,2,0,0
837,8,1,0,0
839,3,1,0,0
840,1,1,0,0
855,6,1,0,0
856,2,1,0,0
862,1,1,0,0
863,3,1,0,0
870,1,1,0,0
872,1,1,0,0
873,1,1,0,0
878,1,1,0,0
897,1,1,0,0
898,1,1,0,0
899,1,1,0,0
901,1,1,0,0
910,1,1,0,0
911,6,2,0,0
912,1,1,0,0
933,3,1,0,0
934,5,1,0,0
961,1,1,0,0
962,2,1,0,0
963,1,1,0,0
964,3,2,0,0
965,3,1,0,0
970,1,1,0,0
971,2,1,0,0
973,1,1,0,0
988,1,1,0,0
991,1,1,0,0
992,1,1,0,0
994,1,1,0,0
1001,2,1,0,0
1005,1,1,0,0
1007,1,1,0,0
1008,3,3,0,0
1010,1,1,0,0
1015,1,1,0,0
1016,1,1,0,0
1031,1,1,0,0
1032,2,1,0,0
1033,1,1,0,0
1036,1,1,0,0
1037,4,1,0,0
1038,3,1,0,0
1039,3,1,0,0
1040,3,1,0,0
1041,1,1,0,0
1042,2,1,0,0
1056,3,1,0,0
1062,2,1,0,0
1070,5,2,0,0
1071,1,1,0,0
1073,1,1,0,0
1074,3,1,0,0
1076,2,1,0,0
1093,2,1,0,0
1095,2,1,0,0
1096,2,1,0,0
1142,3,1,0,0
1145,1,1,0,0
1146,2,1,0,0
1157,2,1,0,0
1158,1,1,0,0
1159,3,1,0,0
1160,1,1,0,0
1161,1,1,0,0
1171,2,1,0,0
1172,1,1,0,0
1174,2,1,0,0
1175,2,1,0,0
1180,7,1,0,0
1181,1,1,0,0
1190,4,1,0,0
1192,1,1,0,0
1193,5,2,0,0
1194,5,2,0,0
1195,1,1,0,0
1204,6,2,0,0
1208,3,1,0,0
1210,5,1,0,0
1215,2,1,0,0
1216,2,1,0,0
1220,1,1,0,0
1221,1,1,0,0
1228,2,1,0,0
1229,6,2,0,0
1233,6,2,0,0
1234,3,1,0,0
1236,1,1,0,0
1262,2,1,0,0
1263,1,1,0,0
1264,2,1,0,0
1266,2,1,0,0
1267,2,2,0,0
1269,1,1,0,0
1272,2,1,0,0
1288,2,1,0,0
1289,5,2,0,0
1290,1,1,0,0
1291,4,1,0,0
1292,3,1,0,0
1295,1,1,0,0
1296,5,2,0,0
1306,1,1,0,0
1307,2,1,0,0
1308,2,1,0,0
1316,2,1,0,0
1323,1,1,0,0
1325,1,1,0,0
1336,1,1,0,0
1339,3,1,0,0
1352,2,1,0,0
1354,4,1,0,0
1369,2,1,0,0
1371,1,1,0,0
1377,2,1,0,0
1378,2,1,0,0
1382,3,1,0,0
1384,3,1,0,0
1385,3,1,0,0
1386,2,1,0,0
1387,2,1,0,0
1390,4,2,0,0
1391,6,1,0,0
1393,2,1,0,0
1394,2,1,0,0
1399,1,1,0,0
1400,3,1,0,0
1401,4,1,0,0
1413,2,1,0,0
1414,2,1,0,0
1415,2,1,0,0
1421,3,1,0,0
1422,1,1,0,0
1425,2,1,0,0
1426,5,1,0,0
1428,3,1,0,0
1429,1,1,0,0
1430,4,1,0,0
1431,2,1,0,0
1438,4,1,0,0
1439,2,1,0,0
1441,3,1,0,0
1442,1,1,0,0
1445,1,1,0,0
1446,2,1,0,0
1448,5,2,0,0
1449,2,1,0,0
1450,1,1,0,0
1451,3,1,0,0
1452,3,2,0,0
1454,4,1,0,0
1455,7,2,0,0
1456,4,1,0,0
1460,1,1,0,0
1461,3,1,0,0
1462,1,1,0,0
1465,1,1,0,0
1488,2,1,0,0
1504,1,1,0,0
1506,3,1,0,0
1546,2,1,0,0
1551,1,1,0,0
1552,2,1,0,0
1554,1,1,0,0
1561,2,1,0,0
1562,2,1,0,0
1566,3,1,0,0
1567,2,1,0,0
1571,2,1,0,0
1572,2,1,0,0
1573,2,1,0,0
1576,2,1,0,0
1642,1,1,0,0
1643,1,1,0,0
1650,2,1,0,0
1651,6,1,0,0
1666,4,1,0,0
1670,1,1,0,0
1671,2,1,0,0
1672,1,1,0,0
1674,6,2,0,0
1675,1,1,0,0
1677,3,1,0,0
1679,1,1,0,0
1686,1,1,0,0
1688,1,1,0,0
1691,1,1,0,0
1692,2,1,0,0
1696,1,1,0,0
1706,5,2,0,0
1707,1,1,0,0
1708,3,1,0,0
1709,3,1,0,0
1711,1,1,0,0
1718,2,1,0,0
1748,7,1,0,0
1749,2,1,0,0
1751,2,1,0,0
1755,8,1,0,0
1756,1,1,0,0
1757,5,2,0,0
1769,6,2,0,0
1770,5,2,0,0
1771,2,1,0,0
1772,2,1,0,0
1773,3,2,0,0
1774,1,1,0,0
1777,1,1,0,0
1780,7,2,0,0
1799,4,1,0,0
1801,2,1,0,0
1807,4,1,0,0
1808,2,1,0,0
1811,3,1,0,0
1813,1,1,0,0
1814,1,1,0,0
1826,1,1,0,0
1827,1,1,0,0
1837,2,1,0,0
1851,8,1,0,0
1860,3,1,0,0
1869,5,1,0,0
1872,1,1,0,0
1873,3,1,0,0
1874,2,1,0,0
1891,1,1,0,0
1893,2,1,0,0
1894,1,1,0,0
1901,3,1,0,0
1904,1,1,0,0
1906,4,2,0,0
1907,2,1,0,0
1910,1,1,0,0
1911,3,1,0,0
1919,7,2,0,0
1923,3,2,0,0
1926,2,1,0,0
1927,1,1,0,0
1928,2,1,0,0
1947,2,1,0,0
1949,2,1,0,0
1951,2,1,0,0
1980,5,2,0,0
1981,3,2,0,0
2001,1,1,0,0
2002,3,1,0,0
2014,1,1,0,0
2015,2,1,0,0
2018,1,1,0,0
2038,2,1,0,0
2040,1,1,0,0
2041,1,1,0,0
2066,3,1,0,0
2067,1,1,0,0
2071,3,1,0,0
2072,3,2,0,0
2079,2,1,0,0
2091,2,1,0,0
2103,1,1,0,0
2104,2,1,0,0
2105,1,1,0,0
2106,2,1,0,0
2123,4,2,0,0
2124,2,2,0,0
2132,2,1,0,0
2149,1,1,0,0
2150,1,1,0,0
2151,5,1,0,0
2152,4,2,0,0
2153,2,2,0,0
2154,2,1,0,0
2155,2,1,0,0
2201,3,1,0,0
2221,2,1,0,0
2227,3,1,0,0
2228,1,1,0,0
2237,1,1,0,0
2238,2,1,0,0
2239,1,1,0,0
2251,2,1,0,0
2252,2,1,0,0
2266,3,1,0,0
2267,2,2,0,0
2268,1,1,0,0
2279,1,1,0,0
2282,1,1,0,0
2283,1,1,0,0
2286,1,1,0,0
2298,4,2,0,0
2299,3,2,0,0
2305,3,1,0,0
2306,1,1,0,0
2311,1,1,0,0
2312,3,1,0,0
2314,1,1,0,0
2317,1,1,0,0
2319,2,2,0,0
2320,1,1,0,0
2321,2,1,0,0
2322,3,2,0,0
2358,1,1,0,0
2362,1,1,0,0
2372,1,1,0,0
2373,1,1,0,0
2376,2,1,0,0
2382,1,1,0,0
2383,1,1,0,0
2387,3,1,0,0
2388,1,1,0,0
2426,4,4,0,0
2455,1,1,0,0
2456,3,1,0,0
2469,2,1,0,0
2470,1,1,0,0
2488,3,1,0,0
2489,1,1,0,0
2492,2,2,0,0
2510,1,1,0,0
2512,5,2,0,0
2513,1,1,0,0
2520,5,2,0,0
2521,1,1,0,0
2523,3,3,0,0
2525,1,1,0,0
2527,4,4,0,0
2570,2,1,0,0
2572,2,1,0,0
2573,2,2,0,0
2576,2,2,0,0
2623,1,1,0,0
2630,2,2,0,0
2634,1,1,0,0
2636,2,1,0,0
2639,1,1,0,0
2657,3,2,0,0
2658,3,1,0,0
2663,1,1,0,0
2667,1,1,0,0
2669,1,1,0,0
2683,3,3,0,0
2686,2,1,0,0
2687,4,1,0,0
2703,1,1,0,0
2705,3,3,0,0
2709,3,1,0,0
2710,1,1,0,0
2715,9,2,0,0
2716,2,1,0,0
2718,3,3,0,0
2752,3,1,0,0
2753,1,1,0,0
2758,4,4,0,0
2773,5,2,0,0
2774,2,1,1,0
2775,15,2,3,0
2776,3,2,0,0
2777,7,2,0,0
2778,5,2,0,0
2779,8,1,0,0
2780,1,1,0,0
2785,2,1,0,0
2801,2,2,0,0
2802,1,1,0,0
2803,1,1,0,0
2807,2,2,0,0
2808,1,1,0,0
2812,2,1,0,0
2815,1,1,0,0
2817,1,1,0,0
2818,1,1,0,0
2856,2,1,0,0
2858,2,1,0,0
2859,4,1,0,0
2861,1,1,0,0
2864,2,1,0,0
2866,1,1,0,0
2894,4,4,0,0
2922,2,1,0,0
2947,4,2,0,0
2948,2,1,0,0
2959,1,1,0,0
2960,1,1,0,0
2961,1,1,0,0
2962,2,1,0,0
2965,1,1,0,0
2997,1,1,0,0
2999,3,3,0,0
3007,6,2,0,0
3008,4,2,0,0
3009,2,2,0,0
3017,7,4,0,0
3021,1,1,0,0
3074,1,1,0,0
3075,1,1,0,0
3077,2,2,0,0
3078,1,1,0,0
3080,3,3,0,0
3115,1,1,0,0
3116,1,1,0,0
3129,3,3,0,0
3176,3,3,0,0
3183,1,1,0,0
3192,4,1,0,0
3193,1,1,0,0
3195,2,1,0,0
3198,2,1,0,0
3199,1,1,0,0
3201,1,1,0,0
3202,1,1,0,0
3204,1,1,0,0
3213,1,1,0,0
3215,1,1,0,0
3216,2,2,0,0
3244,2,1,0,0
3245,5,2,0,0
3246,4,2,0,0
3247,1,1,0,0
3250,4,1,0,0
3255,3,3,0,0
3284,4,2,0,0
3287,2,2,0,0
3288,1,1,0,0
3294,1,1,0,0
3304,1,1,0,0
3305,14,2,3,0
3306,7,2,1,0
3307,9,2,0,0
3308,10,1,0,0
3328,1,1,0,0
3333,2,2,0,0
3350,1,1,0,0
3351,3,2,0,0
3352,1,1,0,0
3353,1,1,0,0
3355,2,1,0,0
3391,4,1,0,0
3392,1,1,0,0
3393,1,1,0,0
3394,4,1,0,0
3395,2,1,0,0
3396,2,1,0,0
3401,1,1,0,0
3403,3,1,0,0
3405,3,1,0,0
3408,1,1,0,0
3418,4,1,0,0
3425,1,1,0,0
3426,1,1,0,0
3447,3,3,0,0
3449,1,1,0,0
3490,2,1,0,0
3493,1,1,0,0
3495,3,3,0,0
3515,4,1,0,0
3519,2,1,0,0
3523,3,3,0,0
3525,1,1,0,0
3527,4,4,0,0
3567,4,2,0,0
3568,3,2,0,0
3571,3,3,0,0
3609,1,1,0,0
3610,2,1,0,0
3614,2,2,0,0
3624,1,1,0,0
3630,3,1,0,0
3631,2,1,0,0
3643,4,1,0,0
3651,1,1,0,0
3657,1,1,0,0
3666,2,1,0,0
3672,1,1,0,0
3673,3,1,0,0
3675,1,1,0,0
3687,1,1,0,0
3691,1,1,0,0
3692,1,1,0,0
3693,1,1,0,0
3694,2,1,0,0
3701,3,3,0,0
3708,1,1,0,0
3712,1,1,0,0
3716,7,1,0,0
3717,1,1,0,0
3718,2,1,0,0
3740,4,1,0,0
3741,2,1,0,0
3745,3,3,0,0
3773,1,1,0,0
3774,1,1,0,0
3779,4,2,0,0
3788,1,1,0,0
3789,3,3,0,0
3800,12,1,3,0
3801,7,2,1,0
3802,7,2,0,0
3803,9,1,0,0
3804,1,1,0,0
3805,1,1,0,0
3806,4,1,0,0
3820,2,2,0,0
3824,1,1,0,0
3829,1,1,0,0
3830,5,3,0,0
3834,2,2,0,0
3835,1,1,0,0
3836,1,1,0,0
3902,6,2,0,0
3904,3,3,0,0
3907,1,1,0,0
3930,4,1,0,0
3963,1,1,0,0
3965,1,1,0,0
3999,1,1,0,0
4001,1,1,0,0
4008,3,1,0,0
4014,2,1,0,0
4020,1,1,0,0
4024,2,1,0,0
4026,6,4,0,0
4031,1,1,0,0
4034,2,2,0,0
4074,4,1,0,0
4075,3,3,0,0
4076,1,1,0,0
4078,3,3,0,0
4080,1,1,0,0
4125,2,2,0,0
4126,1,1,0,0
4134,1,1,0,0
4144,1,1,0,0
4146,1,1,0,0
4152,4,1,0,0
4158,3,3,0,0
4167,1,1,0,0
4189,2,1,0,0
4190,4,2,0,0
4191,1,1,0,0
4199,1,1,0,0
4208,2,2,0,0
4212,2,1,0,0
4228,1,1,0,0
4229,2,1,0,0
4230,1,1,0,0
4234,3,1,0,0
4237,1,1,0,0
4241,1,1,0,0
4242,2,2,0,0
4251,1,1,0,0
4264,1,1,0,0
4269,1,1,0,0
4270,4,2,0,0
4274,3,3,0,0
4289,1,1,0,0
4290,7,1,4,0
4291,10,2,0,0
4292,6,2,0,0
4293,9,2,0,0
4294,3,1,0,0
4295,2,1,0,0
4296,1,1,0,0
4297,2,1,0,0
4298,1,1,0,0
4307,2,2,0,0
4308,1,1,0,0
4319,1,1,0,0
4327,4,3,0,0
4329,2,1,0,0
4332,1,1,0,0
4339,1,1,0,0
4374,1,1,0,0
4377,2,1,0,0
4378,1,1,0,0
4405,5,1,0,0
4428,3,3,0,0
4429,1,1,0,0
4451,1,1,0,0
4453,3,1,0,0
4457,1,1,0,0
4458,2,2,0,0
4459,1,1,0,0
4467,1,1,0,0
4470,1,1,0,0
4479,1,1,0,0
4485,3,1,0,0
4488,2,1,0,0
4499,2,1,0,0
4503,3,1,0,0
4508,1,1,0,0
4512,2,1,0,0
4513,1,1,0,0
4514,4,1,0,0
4574,2,1,0,0
4575,2,1,0,0
4577,4,1,0,0
4583,8,1,0,0
4584,3,2,0,0
4590,2,2,0,0
4591,1,1,0,0
4592,3,1,0,0
4594,5,2,0,0
4610,2,1,0,0
4612,2,1,0,0
4613,7,1,0,0
4614,1,1,0,0
4633,2,1,0,0
4654,1,1,0,0
4660,4,1,0,0
4675,2,1,0,0
4676,2,1,0,0
4679,4,1,0,0
4680,3,1,0,0
4681,1,1,0,0
4696,3,1,0,0
4697,2,2,0,0
4698,1,1,0,0
4727,1,1,0,0
4728,2,1,0,0
4729,1,1,0,0
4730,2,1,0,0
4732,1,1,0,0
4733,2,1,0,0
4734,1,1,0,0
4735,6,2,0,0
4741,2,1,0,0
4742,3,2,0,0
4743,6,2,0,0
4745,2,1,0,0
4747,2,1,0,0
4782,4,1,0,0
4783,1,1,0,0
4786,1,1,0,0
4787,4,1,0,0
4791,4,1,0,0
4792,4,1,0,0
4798,1,1,0,0
4799,4,1,0,0
4808,7,1,0,0
4809,1,1,0,0
4821,2,1,0,0
4823,5,1,0,0
4824,4,1,0,0
4834,6,2,0,0
4846,4,1,0,0
4847,1,1,0,0
4859,2,1,0,0
4867,2,1,0,0
4868,6,1,0,0
4869,5,1,0,0
4871,4,1,0,0
4872,4,1,0,0
4887,1,1,0,0
4896,1,1,0,0
4898,1,1,0,0
4905,5,2,0,0
4915,4,1,0,0
4918,2,1,0,0
4919,4,1,0,0
4921,1,1,0,0
4933,1,1,0,0
4934,1,1,0,0
4940,1,1,0,0
4941,1,1,0,0
4943,3,1,0,0
4944,1,1,0,0
4948,7,2,0,0
4949,1,1,0,0
4950,5,2,0,0
4956,8,1,0,0
4957,1,1,0,0
4958,2,1,0,0
4959,1,1,0,0
4962,2,1,0,0
4984,2,1,0,0
4985,2,1,0,0
5009,5,1,0,0
5010,2,1,0,0
5011,8,1,0,0
5015,2,1,0,0
5016,4,1,0,0
5022,5,1,0,0
5024,5,2,0,0
5027,1,1,0,0
5029,1,1,0,0
5030,1,1,0,0
5031,1,1,0,0
5040,4,1,0,0
5041,6,2,0,0
5043,4,1,0,0
5060,13,1,0,0
5066,4,1,0,0
5067,4,1,0,0
5072,1,1,0,0
5073,5,2,0,0
5100,3,1,0,0
5103,2,1,0,0
5107,1,1,0,0
5108,1,1,0,0
5120,3,1,0,0
5121,7,2,0,0
5122,4,1,0,0
5128,4,1,1,0
5130,2,1,0,0
5131,4,1,0,0
5132,4,1,0,0
5172,4,1,0,0
5175,2,1,0,0
5194,1,1,0,0
5195,1,1,0,0
5200,3,1,0,0
5201,2,2,0,0
5226,4,1,0,0
5249,1,1,0,0
5250,5,2,0,0
5277,3,1,0,0
5295,1,1,0,0
5336,1,1,0,0
5337,3,1,0,0
5345,4,1,0,0
5346,4,1,0,0
5349,4,1,0,0
5358,2,1,0,0
5364,2,1,0,0
5375,1,1,0,0
5376,3,1,0,0
5383,2,1,0,0
5387,5,1,0,0
5388,3,1,0,0
5389,4,1,0,0
5394,1,1,0,0
5395,2,1,0,0
5396,1,1,0,0
5407,1,1,0,0
5408,1,1,0,0
5426,1,1,0,0
5428,1,1,0,0
5468,4,1,0,0
5469,1,1,0,0
5470,1,1,0,0
5478,2,1,0,0
5499,4,1,0,0
5539,4,1,0,0
5562,1,1,0,0
5563,1,1,0,0
5564,2,1,0,0
5565,1,1,0,0
5566,3,1,0,0
5584,1,1,0,0
5585,2,1,0,0
5586,1,1,0,0
5613,4,1,0,0
5637,3,1,0,0
5638,1,1,0,0
5641,2,1,0,0
5650,2,1,0,0
5651,1,1,0,0
5670,3,1,0,0
5671,5,1,0,0
5672,1,1,0,0
5715,1,1,0,0
5716,3,1,0,0
5721,2,1,0,0
5734,4,1,0,0
5746,3,1,0,0
5747,1,1,0,0
5758,1,1,0,0
5759,2,1,0,0
5760,1,1,0,0
5781,2,1,0,0
5791,2,1,0,0
5792,3,1,0,0
5793,1,1,0,0
5807,3,2,0,0
5809,3,1,0,0
5814,1,1,0,0
5815,5,2,0,0
5818,1,1,0,0
5819,4,2,0,0
5821,1,1,0,0
5826,1,1,0,0
5827,1,1,0,0
5836,2,1,0,0
5879,2,1,0,0
5900,1,1,0,0
5901,1,1,0,0
5902,3,2,0,0
5908,2,1,0,0
5909,1,1,0,0
5930,6,2,0,0
5935,2,1,0,0
5955,3,2,0,0
5956,3,1,0,0
5959,2,1,0,0
5961,5,1,0,0
5967,2,1,0,0
6038,2,1,0,0
6039,1,1,0,0
6042,1,1,0,0
6049,2,1,0,0
6062,3,1,0,0
6083,2,1,0,0
6084,6,1,0,0
6091,2,1,0,0
6092,4,1,0,0
6093,2,1,0,0
6094,4,1,0,0
6104,3,1,0,0
6133,3,1,0,0
6134,1,1,0,0
6152,2,1,0,0
6155,2,1,0,0
6157,3,1,0,0
6158,1,1,0,0
6168,2,1,0,0
6179,2,1,0,0
6234,4,1,0,0
6237,2,1,0,0
6244,4,1,0,0
6245,3,1,0,0
6267,3,1,0,0
6269,3,1,0,0
6270,1,1,0,0
6309,1,1,0,0
6312,1,1,0,0
6325,3,1,0,0
6326,1,1,0,0
6350,1,1,0,0
6351,1,1,0,0
6369,1,1,0,0
6370,4,1,0,0
6371,2,1,0,0
6374,7,1,0,0
6375,1,1,0,0
6378,2,1,0,0
6379,1,1,0,0
6380,1,1,0,0
6381,3,1,0,0
6407,2,1,0,0
6416,1,1,0,0
6478,4,1,0,0
6502,5,1,0,0
6506,2,1,0,0
6507,1,1,0,0
6508,2,1,0,0
6510,2,1,0,0
6511,2,1,0,0
6512,1,1,0,0
6570,1,1,0,0
6571,3,1,0,0
6653,2,1,0,0
6654,1,1,0,0
6655,1,1,0,0
6656,2,1,0,0
6658,2,1,0,0
6661,2,1,0,0
6665,1,1,0,0
6686,3,1,0,0
6688,4,1,0,0
6695,2,1,0,0
6704,3,1,0,0
6705,5,1,0,0
6706,2,1,0,0
6707,1,1,0,0
6766,1,1,0,0
6768,2,1,0,0
6769,1,1,0,0
6812,1,1,0,0
6818,1,1,0,0
6837,2,1,0,0
6839,2,1,0,0
6841,5,1,0,0
6842,3,1,0,0
6879,1,1,0,0
6880,2,1,0,0
6881,1,1,0,0
6888,4,1,0,0
6889,2,1,0,0
6912,4,1,0,0
6946,1,1,0,0
6949,1,1,0,0
6954,1,1,0,0
6958,2,1,0,0
6963,1,1,0,0
6972,2,1,0,0
6973,2,1,0,0
6985,2,1,0,0
6997,2,1,0,0
6998,2,1,0,0
7004,1,1,0,0
7005,1,1,0,0
7013,3,1,0,0
7014,5,1,0,0
7015,1,1,0,0
7016,1,1,0,0
7018,4,1,0,0
7035,1,1,0,0
7036,1,1,0,0
7043,4,1,0,0
7064,2,1,0,0
7073,3,1,0,0
7074,1,1,0,0
7077,1,1,0,0
7078,3,1,0,0
7082,3,1,0,0
7083,5,1,0,0
7086,6,1,0,0
7087,5,1,0,0
7088,3,1,0,0
7107,4,1,0,0
7117,4,1,0,0
7119,4,1,0,0
7152,1,1,0,0
7153,1,1,0,0
7158,5,1,0,0
7160,1,1,0,0
7161,3,1,0,0
7181,2,1,0,0
7182,1,1,0,0
7187,2,1,0,0
7188,2,1,0,0
7190,4,1,0,0
7193,6,2,0,0
7194,3,1,0,0
7195,1,1,0,0
7196,4,1,0,0
7198,1,1,0,0
7199,3,1,0,0
7200,1,1,0,0
7203,2,1,0,0
7209,2,1,0,0
7210,4,1,0,0
7212,3,1,0,0
7213,1,1,0,0
7214,4,1,0,0
7230,4,1,0,0
7244,2,1,0,0
7251,3,1,0,0
7252,9,1,0,0
7253,1,1,0,0
7254,3,1,0,0
7261,1,1,0,0
7263,2,1,0,0
7266,1,1,0,0
7297,3,1,0,0
7298,2,2,0,0
7299,3,2,0,0
7303,1,1,0,0
7310,3,1,0,0
7311,2,1,0,0
7312,2,1,0,0
7313,1,1,0,0
7317,1,1,0,0
7319,2,1,0,0
7320,1,1,0,0
7324,2,1,0,0
7325,2,1,0,0
7326,5,1,0,0
7327,2,1,0,0
7328,1,1,0,0
7349,2,1,0,0
7350,1,1,0,0
7353,8,1,0,0
7367,4,1,0,0
7368,1,1,0,0
7369,3,1,0,0
7371,3,1,0,0
7372,1,1,0,0
7390,2,1,0,0
7405,1,1,0,0
7407,3,1,0,0
7428,4,1,0,0
7432,3,1,0,0
7434,1,1,0,0
7435,3,1,0,0
7436,1,1,0,0
7463,3,1,0,0
7464,1,1,0,0
7467,4,1,0,0
7468,2,1,0,0
7469,3,1,0,0
7470,1,1,0,0
7471,5,1,0,0
7472,3,1,0,0
7540,2,1,0,0
7544,3,1,0,0
7545,1,1,0,0
7555,4,1,0,0
7558,4,1,0,0
7560,4,1,0,0
7562,5,1,0,0
7563,2,1,0,0
7564,1,1,0,0
7573,4,1,0,0
7601,3,1,0,0
7602,1,1,0,0
7626,2,1,0,0
7666,8,1,0,0
7667,4,1,0,0
7672,2,1,0,0
7681,1,1,0,0
7683,2,1,0,0
7685,2,1,0,0
7703,1,1,0,0
7704,2,1,0,0
7705,1,1,0,0
7706,2,1,0,0
7707,2,1,0,0
7708,4,1,0,0
7717,4,1,0,0
7758,4,1,0,0
7762,2,1,0,0
7763,2,1,0,0
7766,4,1,0,0
7772,4,1,0,0
7773,2,1,0,0
7801,6,2,0,0
7806,4,1,0,0
7808,4,1,0,0
7875,2,1,0,0
7880,4,1,0,0
7881,4,1,0,0
7882,4,1,0,0
7899,8,1,0,0
7901,2,1,0,0
7923,1,1,0,0
7924,2,1,0,0
7925,1,1,0,0
7929,2,1,0,0
7930,2,1,0,0
7934,8,2,0,0
7936,4,1,0,0
7937,5,2,0,0
7938,1,1,0,0
7941,2,1,0,0
7967,2,1,0,0
7970,4,1,0,0
8007,5,1,0,0
8048,2,1,0,0
8049,2,1,0,0
8051,3,1,0,0
8052,1,1,0,0
8056,3,2,0,0
8057,3,1,0,0
8058,2,1,0,0
8059,1,1,0,0
8060,4,1,0,0
8075,2,1,0,0
8080,2,1,0,0
8092,2,1,0,0
8121,6,2,0,0
8126,2,1,0,0
8132,5,1,0,0
8133,5,2,0,0
8137,1,1,0,0
8139,3,1,0,0
8148,4,1,0,0
8154,5,1,0,0
8160,2,1,0,0
8163,4,1,0,0
8185,3,1,0,0
8201,2,1,0,0
8202,4,1,0,0
8203,4,1,0,0
8207,1,1,0,0
8208,1,1,0,0
8211,2,1,0,0
8215,5,2,0,0
8216,5,2,0,0
8217,4,1,0,0
8236,2,1,0,0
8237,2,1,0,0
8240,4,1,0,0
8249,4,1,0,0
8256,5,2,0,0
8258,1,1,0,0
8259,3,1,0,0
8267,5,1,0,0
8270,4,1,0,0
8290,2,1,0,0
8292,1,1,0,0
8293,1,1,0,0
8294,1,1,0,0
8295,1,1,0,0
8297,4,1,0,0
8298,1,1,0,0
8299,5,2,0,0
8306,1,1,0,0
8307,4,2,0,0
8328,1,1,0,0
8334,2,1,0,0
8351,4,1,0,0
8352,2,1,0,0
8353,1,1,0,0
8359,2,1,0,0
8367,6,2,0,0
8373,4,1,0,0
8374,1,1,0,0
8377,4,1,0,0
8382,1,1,0,0
8383,3,1,0,0
8386,2,1,0,0
8388,4,1,0,0
8396,6,2,0,0
8403,6,2,0,0
8424,3,1,0,0
8425,1,1,0,0
8428,2,1,0,0
8435,3,1,0,0
8437,1,1,0,0
8438,1,1,0,0
8439,2,1,0,0
8444,5,1,0,0
8491,1,1,0,0
8492,2,1,0,0
8494,1,1,0,0
8507,4,1,0,0
8512,4,1,0,0
8515,7,1,0,0
8516,1,1,0,0
8517,1,1,0,0
8525,2,1,0,0
8526,3,1,0,0
8529,4,1,0,0
8533,4,1,0,0
8536,2,1,0,0
8540,1,1,0,0
8541,1,1,0,0
8544,2,1,0,0
8545,1,1,0,0
8546,7,1,0,0
8581,1,1,0,0
8582,1,1,0,0
8593,1,1,0,0
8594,1,1,0,0
8596,3,1,0,0
8599,2,1,0,0
8600,1,1,0,0
8623,4,1,0,0
8624,2,1,0,0
8625,6,2,0,0
8641,5,2,0,0
8644,1,1,0,0
8647,2,1,0,0
8650,1,1,0,0
8666,1,1,0,0
8667,2,1,0,0
8668,1,1,0,0
8669,1,1,0,0
8671,3,1,0,0
8672,5,1,0,0
8674,1,1,0,0
8675,1,1,0,0
8685,3,1,0,0
8689,4,1,0,0
8717,2,1,0,0
8718,2,1,0,0
8721,2,1,0,0
8734,3,1,0,0
8735,1,1,0,0
8738,3,1,0,0
8739,3,1,0,0
8753,1,1,0,0
8754,3,1,0,0
8787,2,1,0,0
8788,2,1,0,0
8789,3,1,0,0
8790,1,1,0,0
8808,5,1,0,0
8811,2,1,0,0
8812,2,1,0,0
8818,1,1,0,0
8819,3,1,0,0
8829,4,1,0,0
8830,1,1,0,0
8842,1,1,0,0
8844,2,1,0,0
8848,1,1,0,0
8857,4,1,0,0
8861,4,1,0,0
8862,10,2,0,0
8874,5,2,0,0
8875,1,1,0,0
8876,8,2,0,0
8879,6,2,0,0
8895,1,1,0,0
8896,1,1,0,0
8897,3,1,0,0
8900,3,1,0,0
8902,4,1,0,0
8905,2,1,0,0
8906,4,1,0,0
8907,5,1,0,0
8908,4,1,0,0
8914,1,1,0,0
8915,3,1,0,0
8919,2,1,0,0
8920,10,1,0,0
8922,6,2,0,0
8923,2,1,0,0
8931,1,1,0,0
8932,2,1,0,0
8934,1,1,0,0
8942,2,1,0,0
8958,2,1,0,0
8959,7,1,0,0
8965,3,1,0,0
8966,1,1,0,0
8971,4,2,0,0
8972,3,1,0,0
8977,4,1,0,0
8978,4,1,0,0
8979,3,2,0,0
8980,3,1,0,0
9007,1,1,0,0
9008,4,2,0,0
9009,1,1,0,0
9024,4,1,0,0
9025,6,1,0,0
9026,2,1,0,0
9028,4,1,0,0
9029,8,1,0,0
9031,4,1,0,0
9032,9,2,0,0
9033,1,1,0,0
9038,8,2,0,0
9045,4,1,0,0
9046,3,1,0,0
9047,1,1,0,0
9050,4,1,0,0
9051,4,1,0,0
9056,4,1,0,0
9057,5,1,0,0
9061,4,1,0,0
9062,4,1,0,0
9065,2,1,0,0
9067,1,1,0,0
9068,12,2,0,0
9069,6,1,0,0
9071,2,1,0,0
9072,3,1,0,0
9073,7,2,0,0
9074,6,2,0,0
9076,2,1,0,0
9077,4,2,0,0
9078,13,2,0,0
9079,8,1,0,0
9080,10,2,0,0
9084,10,2,0,0
9085,5,1,0,0
9086,4,1,0,0
9094,6,2,0,0
9102,2,1,0,0
9103,3,1,0,0
9104,2,1,0,0
9105,6,1,0,0
9113,4,1,0,0
9114,1,1,0,0
9115,3,1,0,0
9116,1,1,0,0
9117,2,2,0,0
9118,9,2,0,0
9119,8,1,0,0
9120,2,1,0,0
9121,12,2,0,0
9122,4,1,0,0
9128,8,2,0,0
9129,6,2,0,0
9130,4,1,0,0
9132,1,1,0,0
9133,2,1,0,0
9137,1,1,0,0
9148,1,1,0,0
9149,1,1,0,0
9154,4,1,0,0
9155,1,1,0,0
9156,1,1,0,0
9161,6,2,0,0
9170,2,1,0,0
9171,4,1,0,0
9172,8,1,0,0
9174,7,2,0,0
9176,2,1,0,0
9178,6,2,0,0
9179,3,1,0,0
9180,2,1,0,0
9181,4,1,0,0
9241,4,1,0,0
9255,4,1,0,0
9257,2,1,0,0
9258,2,1,0,0
9267,2,1,0,0
9269,3,1,0,0
9275,2,1,0,0
9276,2,1,0,0
9290,2,1,0,0
9306,2,1,0,0
9317,3,1,0,0
9330,5,1,0,0
9331,3,1,0,0
9345,3,1,0,0
9348,4,1,0,0
9367,2,1,0,0
9375,2,1,0,0
9403,4,1,0,0
9413,4,1,0,0
9425,2,1,0,0
9437,6,2,0,0
9439,2,1,0,0
9443,5,1,0,0
9444,4,1,0,0
9446,2,1,0,0
9447,6,2,0,0
9449,1,1,0,0
9451,4,1,0,0
9459,5,1,0,0
9460,5,1,0,0
9461,4,1,0,0
9470,2,1,0,0
9478,3,1,0,0
9479,3,2,0,0
9480,3,1,0,0
9484,2,1,0,0
9485,4,1,0,0
9491,6,2,0,0
9494,2,1,0,0
9512,2,1,0,0
9516,4,1,0,0
9517,4,1,0,0
9519,2,1,0,0
9531,4,1,0,0
9532,3,1,0,0
9534,2,1,0,0
9537,4,1,0,0
9551,4,1,0,0
9553,1,1,0,0
9554,4,2,0,0
9606,1,1,0,0
9628,6,2,0,0
9805,2,1,0,0
9810,4,1,0,0
10000,4,1,0,0
10190,4,1,0,0
10193,4,1,0,0
10196,3,1,0,0
10227,4,1,0,0
10228,3,2,0,0
10372,2,1,0,0
10373,3,1,0,0
10378,4,1,0,0
10568,2,1,0,0
10737,2,1,0,0
10764,5,1,0,0
10914,2,1,0,0
11069,4,1,0,0
11071,1,1,0,0
11072,3,1,0,0
11073,3,1,0,0
11241,4,1,0,0
11273,2,1,0,0
11438,5,1,0,0
11575,2,1,0,0
11577,4,1,0,0
11742,5,1,0,0
11743,4,1,0,0
11790,1,1,0,0
11791,1,1,0,0
11976,1,1,0,0
12102,2,1,0,0
12103,10,2,0,0
12146,3,1,0,0
12286,2,1,0,0
12294,1,1,0,0
12468,4,1,0,0
12471,2,1,0,0
12474,3,1,0,0
12654,4,1,0,0
12686,2,1,0,0
12732,5,1,0,0
12872,2,1,0,0
12881,5,1,0,0
12919,2,1,0,0
13061,8,1,0,0
13131,4,1,0,0
13160,8,1,0,0
13163,4,1,0,0
13170,2,1,0,0
13177,1,1,0,0
13178,1,1,0,0
13185,1,1,0,0
13186,3,1,0,0
13188,2,1,0,0
13189,6,2,0,0
13197,1,1,0,0
13200,4,1,0,0
13205,5,2,0,0
13207,2,1,0,0
13210,4,1,0,0
13211,4,1,0,0
13212,4,1,0,0
13220,4,1,0,0
13257,6,2,0,0
13258,4,1,0,0
13267,6,2,0,0
13269,4,1,0,0
13270,3,1,0,0
13271,3,2,0,0
13277,4,1,0,0
13284,4,1,0,0
13287,4,1,0,0
13288,6,2,0,0
13292,2,1,0,0
13318,4,1,0,0
13325,4,1,0,0
13332,2,1,0,0
13345,2,1,0,0
13368,4,1,0,0
13370,2,1,0,0
13372,4,1,0,0
13373,2,1,0,0
13376,4,1,0,0
13398,4,1,0,0
13403,2,1,0,0
13498,3,1,0,0
13501,2,1,0,0
13502,2,1,0,0
13503,2,1,0,0
13505,1,1,0,0
13506,4,1,0,0
13509,3,1,0,0
13519,2,1,0,0
13520,2,1,0,0
13524,2,1,0,0
13525,2,1,0,0
13593,2,1,0,0
13594,2,1,0,0
13623,2,1,0,0
13648,2,1,0,0
13673,4,1,0,0
13674,4,1,0,0
13683,4,1,0,0
13689,4,1,0,0
13692,4,1,0,0
13694,10,2,0,0
13696,2,1,0,0
13724,5,1,0,0
13729,2,1,0,0
13735,2,1,0,0
13755,7,1,0,0
13756,3,2,0,0
13757,2,1,0,0
13762,2,1,0,0
13764,2,1,0,0
13785,2,1,0,0
13788,3,1,0,0
13789,1,1,0,0
13795,4,1,0,0
13811,2,1,0,0
13814,5,1,0,0
13834,6,2,0,0
13852,1,1,0,0
13853,6,2,0,0
13865,2,1,0,0
13866,3,1,0,0
13867,1,1,0,0
13877,1,1,0,0
13878,1,1,0,0
13888,2,1,0,0
13889,2,1,0,0
13896,2,1,0,0
13911,4,1,0,0
13912,2,1,0,0
13913,1,1,0,0
13914,2,1,0,0
13918,6,2,0,0
13919,4,1,0,0
13924,2,1,0,0
13947,2,1,0,0
13948,5,1,0,0
13950,6,2,0,0
13954,3,1,0,0
13955,1,1,0,0
13973,3,1,0,0
13974,2,1,0,0
13978,5,2,0,0
13979,1,1,0,0
13980,1,1,0,0
13981,4,1,0,0
13992,1,1,0,0
13993,1,1,0,0
14047,1,1,0,0
14048,2,2,0,0
14049,1,1,0,0
14050,1,1,0,0
14051,1,1,0,0
14063,2,1,0,0
14100,3,1,0,0
14101,1,1,0,0
14110,1,1,0,0
14113,1,1,0,0
14121,1,1,0,0
14123,2,1,0,0
14126,1,1,0,0
14195,2,1,0,0
14200,3,1,0,0
14201,2,1,0,0
14223,2,1,0,0
14233,1,1,0,0
14236,2,1,0,0
14237,2,1,0,0
14238,2,1,0,0
14243,4,1,0,0
14244,3,1,0,0
14260,1,1,0,0
14261,1,1,0,0
14262,2,1,0,0
14264,4,1,0,0
14267,2,1,0,0
14272,2,1,0,0
14286,3,1,0,0
14297,4,1,0,0
14301,1,1,0,0
14302,2,1,0,0
14304,3,2,0,0
14306,1,1,0,0
14308,3,1,0,0
14309,1,1,0,0
14323,4,1,0,0
14324,2,1,0,0
14344,2,1,0,0
14346,1,1,0,0
14347,3,1,0,0
14348,2,1,0,0
14349,2,1,0,0
14362,1,1,0,0
14364,1,1,0,0
14373,4,1,0,0
14374,6,2,0,0
14391,5,2,0,0
14392,1,1,0,0
14399,4,1,0,0
14406,2,1,0,0
14407,3,1,0,0
14412,1,1,0,0
14413,2,1,0,0
14414,1,1,0,0
14416,4,1,0,0
14434,2,1,0,0
14435,2,1,0,0
14439,4,1,0,0
14442,2,1,0,0
14443,14,2,0,0
14450,4,1,0,0
14466,6,2,0,1
14469,1,1,0,0
14471,1,1,0,0
14473,2,2,0,1
14482,2,2,0,1
14484,2,2,0,1
14485,2,2,0,1
14486,4,2,0,1
14487,6,2,0,1
14491,2,2,0,1
14492,2,2,0,1
14494,2,2,0,1
14500,2,2,0,1
14501,2,2,0,1
14502,2,2,0,1
14507,4,2,0,1
14508,5,2,0,0
14509,1,1,0,0
14513,2,1,0,0
14525,3,1,0,0
14526,1,1,0,0
14528,4,2,0,1
14529,4,2,0,1
14533,2,2,0,1
14534,3,1,0,0
14536,1,1,0,0
14550,4,2,0,1
14551,5,2,0,1
14552,6,2,0,1
14553,4,2,0,1
14555,2,2,0,1
14556,4,2,0,1
14557,4,2,0,1
14558,1,1,0,1
14559,3,1,0,1
14560,7,2,0,1
14561,3,2,0,1
14562,1,1,0,1
14563,2,2,0,1
14565,2,1,0,0
14567,4,1,0,0
14571,1,1,0,0
14573,7,2,0,0
14577,2,1,0,0
14581,7,2,0,0
14587,4,1,0,0
14588,2,1,0,0
14590,4,1,0,0
14591,1,1,0,0
14592,3,1,0,0
14595,2,1,0,0
14605,4,1,0,0
14621,2,1,0,0
14625,4,1,0,0
14626,4,1,0,0
14627,4,1,0,0
14633,2,1,0,0
14635,3,1,0,0
14638,1,1,0,0
14652,4,1,0,0
14666,1,1,0,0
14667,1,1,0,0
14677,2,1,0,0
14685,1,1,0,0
14686,1,1,0,0
14700,4,1,0,0
14701,2,1,0,0
14737,2,1,0,0
14739,2,1,0,0
14742,1,1,0,0
14743,1,1,0,0
14745,1,1,0,0
14746,2,2,0,0
14747,3,1,0,0
14752,2,1,0,0
14753,9,1,0,0
14755,3,1,0,0
14756,1,1,0,0
14758,4,1,0,0
14760,1,1,0,0
14762,2,1,0,0
14763,1,1,0,0
14787,1,1,0,0
14796,1,1,0,0
14797,2,1,0,0
14798,1,1,0,0
14800,4,2,0,1
14802,4,2,0,1
14803,6,2,0,1
14804,2,2,0,1
14808,1,1,0,1
14815,1,1,0,1
14817,2,2,0,1
14820,1,1,0,1
14821,1,1,0,1
14822,2,2,0,1
14823,5,2,0,1
14824,3,1,0,0
14825,8,2,0,1
14826,4,2,0,1
14827,2,2,0,1
14828,2,2,0,1
14833,1,1,0,1
14835,1,1,0,1
14837,2,2,0,1
14856,6,2,0,0
14859,1,1,0,0
14860,1,1,0,0
14863,7,2,0,0
14864,3,1,0,0
14865,2,1,0,0
14866,4,1,0,0
14870,1,1,0,0
14871,4,2,0,0
14872,1,1,0,0
14880,3,1,0,0
14881,1,1,0,0
14898,2,1,0,0
14899,2,1,0,0
14909,1,1,0,0
14910,1,1,0,0
14918,1,1,0,0
14919,1,1,0,0
14920,6,1,0,0
14929,4,1,0,0
14932,7,2,0,0
14933,1,1,0,0
14934,1,1,0,0
14941,1,1,0,0
14942,1,1,0,0
14948,4,1,0,0
14950,2,1,0,0
14951,8,1,0,0
14952,2,1,0,0
14953,2,1,0,0
14966,4,1,0,0
14972,2,1,0,0
14996,1,1,0,0
14997,1,1,0,0
15030,2,1,0,0
15037,2,1,0,0
15039,2,1,0,0
15043,1,1,0,0
15044,2,1,0,0
15046,1,1,0,0
15052,2,1,0,0
15057,1,1,0,0
15058,2,1,0,0
15061,1,1,0,0
15080,1,1,0,0
15081,1,1,0,0
15083,4,1,0,0
15084,2,1,0,0
15085,6,2,0,0
15086,2,2,0,0
15087,2,1,0,0
15090,4,1,0,0
15106,2,1,0,0
15107,3,1,0,0
15108,1,1,0,0
15111,4,1,0,0
15131,4,1,0,0
15134,2,1,0,0
15137,3,1,0,0
15139,4,1,0,0
15142,2,1,0,0
15143,3,2,0,0
15144,3,1,0,0
15145,2,1,0,0
15156,5,2,0,0
15157,4,2,0,0
15158,4,1,0,0
15159,3,2,0,0
15160,1,1,0,0
15162,3,1,0,0
15177,1,1,0,0
15178,1,1,0,0
15181,3,1,0,0
15182,1,1,0,0
15186,2,1,0,0
15199,2,1,0,0
15200,3,1,0,0
15201,1,1,0,0
15221,3,1,0,0
15222,1,1,0,0
15225,7,2,0,0
15227,2,1,0,0
15232,1,1,0,0
15233,2,1,0,0
15237,1,1,0,0
15257,6,2,0,0
15259,5,1,0,0
15260,3,1,0,0
15275,3,2,0,0
15276,4,1,0,0
15279,4,1,0,0
15303,1,1,0,0
15304,3,1,0,0
15305,2,1,0,0
15307,4,1,0,0
15315,2,1,0,0
15317,1,1,0,0
15318,2,1,0,0
15319,5,2,0,0
15321,4,1,0,0
15322,2,1,0,0
15327,1,1,0,0
15328,3,1,0,0
15332,2,1,0,0
15348,1,1,0,0
15349,3,1,0,0
15351,8,1,0,0
15352,1,1,0,0
15369,5,2,0,0
15370,1,1,0,0
15376,1,1,0,0
15377,4,1,0,0
15379,5,2,0,0
15380,1,1,0,0
15381,2,1,0,0
15386,1,1,0,0
15387,2,1,0,0
15388,1,1,0,0
15390,1,1,0,0
15411,2,1,0,0
15412,6,2,0,0
15435,3,1,0,0
15437,1,1,0,0
15445,4,1,0,0
15447,5,1,0,0
15448,1,1,0,0
15449,3,1,0,0
15450,2,1,0,0
15463,3,3,0,1
15468,1,1,0,1
15482,1,1,0,1
15486,3,3,0,1
15490,1,1,0,0
15493,3,3,0,1
15496,1,1,0,0
15509,1,1,0,1
15510,1,1,0,1
15511,3,3,0,1
15539,4,4,0,1
15557,1,1,0,1
15570,3,3,0,1
15579,1,1,0,1
15585,3,3,0,1
15597,1,1,0,1
15606,3,3,0,1
15614,3,3,0,1
15621,1,1,0,1
15634,1,1,0,1
15645,1,1,0,1
15646,2,2,0,1
15667,1,1,0,1
15669,3,3,0,1
15673,1,1,0,1
15683,3,3,0,1
15704,1,1,0,1
15705,3,3,0,1
15718,3,3,0,1
15721,1,1,0,1
15734,1,1,0,1
15737,3,3,0,1
15759,1,1,0,1
15760,2,2,0,1
15768,1,1,0,1
15776,2,2,0,1
15777,1,1,0,1
15783,1,1,0,1
15801,3,3,0,1
15802,1,1,0,1
15814,3,3,0,1
15825,1,1,0,1
15845,1,1,0,1
15846,3,3,0,1
15850,3,3,0,1
15866,1,1,0,1
15870,1,1,0,0
15884,3,3,0,1
15885,1,1,0,1
15890,2,1,0,0
15900,3,3,0,1
15908,1,1,0,1
15910,1,1,0,0
15911,1,1,0,1
15913,3,3,0,1
15943,1,1,0,1
15947,3,3,0,1
15958,1,1,0,1
15962,3,3,0,1
15971,3,3,0,1
15982,1,1,0,1
15991,3,3,0,1
16003,1,1,0,1
16010,2,1,0,0
16015,1,1,0,0
16022,3,3,0,1
16029,1,1,0,1
16042,1,1,0,1
16043,2,2,0,1
16050,1,1,0,1
16055,3,3,0,1
16071,1,1,0,1
16073,3,3,0,1
16076,1,1,0,1
16099,1,1,0,1
16104,3,3,0,1
16115,4,4,0,1
16146,1,1,0,1
16148,3,3,0,1
16159,3,3,0,1
16169,1,1,0,1
16185,1,1,0,1
16187,3,3,0,1
16192,1,1,0,1
16204,3,3,0,1
16226,1,1,0,1
16229,3,3,0,1
16232,3,2,0,1
16238,1,1,0,0
16240,3,3,0,1
16259,1,1,0,1
16260,1,1,0,1
16261,2,2,0,1
16287,3,3,0,1
16290,1,1,0,1
16293,1,1,0,1
16299,1,1,0,1
16301,2,2,0,1
16320,3,3,0,1
16327,1,1,0,1
16332,1,1,0,1
16347,1,1,0,1
16348,2,2,0,1
16354,1,1,0,1
16363,3,3,0,1
16375,1,1,0,1
16376,3,3,0,1
16407,4,4,0,1
16411,2,2,0,1
16412,1,1,0,1
16420,1,1,0,1
16443,3,3,0,1
16450,1,1,0,1
16466,4,4,0,1
16488,3,3,0,1
16490,1,1,0,1
16493,3,3,0,1
16495,1,1,0,1
16513,1,1,0,1
16514,2,2,0,1
16524,1,1,0,1
16533,3,3,0,1
16546,1,1,0,1
16563,1,1,0,1
16564,3,3,0,1
16575,1,1,0,1
16586,3,3,0,1
16600,3,3,0,1
16612,1,1,0,1
16619,3,3,0,1
16621,1,1,0,1
16643,2,1,0,0
16645,4,1,0,0
16646,1,1,0,0
16648,3,1,0,0
16660,2,2,0,1
16668,1,1,0,1
16673,1,1,0,1
16680,1,1,0,1
16685,1,1,0,1
16692,1,1,0,1
16693,1,1,0,1
16706,1,1,0,1
16712,2,2,0,1
16713,1,1,0,1
16721,1,1,0,1
16723,1,1,0,1
16735,1,1,0,1
16741,1,1,0,1
16746,1,1,0,1
16748,1,1,0,1
16750,1,1,0,1
16759,1,1,0,0
16760,1,1,0,0
16761,1,1,0,1
16765,1,1,0,1
16776,1,1,0,1
16778,1,1,0,1
16785,1,1,0,1
16790,1,1,0,1
16796,1,1,0,1
16797,1,1,0,1
16804,1,1,0,1
16808,1,1,0,1
16815,1,1,0,1
16817,1,1,0,1
16823,1,1,0,1
16827,2,2,0,1
16829,1,1,0,1
16841,1,1,0,0
16849,1,1,0,1
16850,1,1,0,1
16855,1,1,0,1
16859,1,1,0,1
16861,2,1,0,0
16865,1,1,0,1
16872,1,1,0,1
16876,1,1,0,1
16877,1,1,0,1
16886,1,1,0,1
16888,1,1,0,1
16897,1,1,0,1
16900,2,2,0,1
16902,1,1,0,1
16903,1,1,0,1
16907,1,1,0,1
16913,1,1,0,1
16921,1,1,0,0
16925,1,1,0,1
16930,1,1,0,1
16931,1,1,0,1
16937,1,1,0,0
16940,1,1,0,1
16946,1,1,0,1
16947,1,1,0,1
16951,1,1,0,1
16960,1,1,0,1
16964,1,1,0,1
16968,1,1,0,1
16970,1,1,0,1
16973,1,1,0,1
16988,1,1,0,1
16994,1,1,0,1
16998,1,1,0,1
17003,1,1,0,1
17022,1,1,0,1
17023,2,2,0,1
17025,1,1,0,1
17035,1,1,0,1
17038,2,2,0,1
17041,1,1,0,1
17047,1,1,0,1
17048,1,1,0,1
17061,1,1,0,1
17066,1,1,0,1
17067,1,1,0,1
17075,1,1,0,1
17081,1,1,0,1
17086,1,1,0,1
17091,1,1,0,1
17092,1,1,0,1
17101,1,1,0,1
17105,1,1,0,1
17115,1,1,0,1
17121,2,2,0,1
17126,1,1,0,1
17134,1,1,0,1
17138,1,1,0,1
17139,1,1,0,1
17141,1,1,0,1
17150,1,1,0,1
17154,1,1,0,1
17161,1,1,0,1
17163,1,1,0,1
17170,1,1,0,1
17171,1,1,0,1
17179,1,1,0,1
17180,1,1,0,1
17191,1,1,0,1
17194,1,1,0,1
17195,1,1,0,1
17200,1,1,0,1
17216,1,1,0,1
17218,2,2,0,1
17225,1,1,0,1
17228,1,1,0,1
17244,1,1,0,1
17245,2,2,0,1
17251,1,1,0,1
17252,1,1,0,1
17262,1,1,0,1
17266,1,1,0,1
17272,1,1,0,1
17278,1,1,0,1
17280,1,1,0,1
17282,1,1,0,1
17289,2,2,0,1
17293,1,1,0,1
17304,1,1,0,1
17310,1,1,0,1
17319,1,1,0,1
17320,1,1,0,1
17323,1,1,0,1
17329,1,1,0,1
17339,1,1,0,1
17340,1,1,0,1
17342,1,1,0,1
17350,1,1,0,1
17352,1,1,0,1
17356,1,1,0,1
17364,1,1,0,1
17377,1,1,0,1
17382,1,1,0,1
17383,1,1,0,1
17386,1,1,0,1
17396,1,1,0,1
17399,1,1,0,1
17400,1,1,0,1
17401,1,1,0,1
17408,1,1,0,1
17415,1,1,0,1
17426,1,1,0,1
17429,1,1,0,1
17430,1,1,0,1
17438,1,1,0,1
17446,1,1,0,1
17453,1,1,0,1
17456,1,1,0,1
17460,1,1,0,1
17465,1,1,0,1
17478,1,1,0,1
17480,1,1,0,1
17481,1,1,0,1
17482,1,1,0,1
17489,1,1,0,1
17492,2,2,0,1
17500,1,1,0,1
17513,1,1,0,1
17521,1,1,0,1
17523,2,2,0,1
17535,1,1,0,1
17536,1,1,0,1
17537,1,1,0,1
17546,1,1,0,1
17553,1,1,0,1
17554,1,1,0,1
17559,1,1,0,1
17562,1,1,0,1
17571,1,1,0,1
17575,1,1,0,1
17577,2,2,0,1
17593,1,1,0,1
17595,1,1,0,1
17605,1,1,0,1
17609,1,1,0,1
17613,1,1,0,1
17617,1,1,0,1
17620,1,1,0,1
17626,1,1,0,1
17639,1,1,0,1
17644,2,2,0,1
17648,1,1,0,1
17661,1,1,0,1
17663,1,1,0,1
17668,1,1,0,1
17669,1,1,0,1
17677,1,1,0,1
17685,1,1,0,1
17686,1,1,0,1
17689,1,1,0,1
17692,1,1,0,1
17702,1,1,0,1
17704,1,1,0,1
17711,1,1,0,1
17714,1,1,0,1
17720,2,2,0,1
17721,1,1,0,1
17737,2,2,0,1
17748,1,1,0,1
17751,1,1,0,1
17758,1,1,0,1
17759,1,1,0,1
17767,1,1,0,1
17770,1,1,0,1
17782,1,1,0,1
17785,1,1,0,1
17787,1,1,0,1
17790,1,1,0,1
17798,1,1,0,1
17799,1,1,0,1
17800,1,1,0,1
17810,1,1,0,1
17820,1,1,0,1
17822,1,1,0,1
17827,1,1,0,1
17830,1,1,0,1
17832,1,1,0,1
17835,1,1,0,1
17836,1,1,0,1
17844,1,1,0,1
17852,1,1,0,1
17863,1,1,0,1
17864,1,1,0,1
17867,1,1,0,1
17878,1,1,0,1
17884,1,1,0,1
17886,1,1,0,1
17888,1,1,0,1
17899,1,1,0,1
17902,1,1,0,1
17905,1,1,0,1
17910,1,1,0,1
17913,1,1,0,1
17926,1,1,0,1
17928,1,1,0,1
17931,1,1,0,1
17933,1,1,0,1
17940,1,1,0,1
17942,1,1,0,1
17951,1,1,0,1
17954,1,1,0,1
17955,1,1,0,1
17958,1,1,0,1
17964,1,1,0,1
17977,1,1,0,1
17989,1,1,0,1
17992,2,2,0,1
18001,1,1,0,1
18006,1,1,0,1
18007,1,1,0,1
18010,1,1,0,1
18029,3,3,0,1
18038,1,1,0,1
18049,1,1,0,1
18055,1,1,0,1
18056,1,1,0,1
18060,1,1,0,1
18065,1,1,0,1
18068,1,1,0,1
18078,1,1,0,1
18079,1,1,0,1
18087,2,2,0,1
18088,1,1,0,1
18091,1,1,0,1
18108,1,1,0,1
18109,1,1,0,1
18119,2,2,0,1
18132,1,1,0,1
18136,1,1,0,1
18145,1,1,0,1
18148,1,1,0,1
18151,2,2,0,1
18161,1,1,0,1
18169,1,1,0,1
18177,1,1,0,1
18187,1,1,0,1
18188,2,2,0,1
18192,1,1,0,1
18193,2,2,0,1
18204,1,1,0,1
18211,1,1,0,1
18215,1,1,0,1
18216,1,1,0,1
18226,1,1,0,1
18235,1,1,0,1
18238,1,1,0,1
18242,1,1,0,1
18246,1,1,0,1
18253,1,1,0,1
18254,1,1,0,1
18262,1,1,0,1
18266,1,1,0,1
18271,4,2,0,1
18286,1,1,0,1
18288,1,1,0,1
18290,1,1,0,1
18294,1,1,0,1
18303,1,1,0,1
18306,1,1,0,1
18307,1,1,0,1
18316,1,1,0,0
18317,5,2,0,0
18319,3,1,0,0
18320,3,2,0,0
18325,1,1,0,0
18326,1,1,0,0
18339,3,1,0,0
18340,1,1,0,0
18355,4,1,0,0
18356,5,1,0,0
18359,4,1,0,0
18375,2,1,0,0
18381,2,1,0,0
18385,2,1,0,0
18386,5,2,0,0
18387,2,1,0,0
18391,1,1,0,0
18392,1,1,0,0
18397,2,2,0,0
18398,3,1,0,0
18410,1,1,0,0
18411,1,1,0,0
18412,3,1,0,0
18413,1,1,0,0
18415,6,2,0,0
18416,4,1,0,0
18426,1,1,0,0
18427,3,1,0,0
18430,2,1,0,0
18435,3,2,0,0
18436,3,1,0,0
18441,4,1,0,0
18453,3,1,0,0
18454,4,2,0,0
18455,1,1,0,0
18469,1,1,0,0
18481,1,1,0,0
18482,1,1,0,0
18486,1,1,0,0
18488,3,1,0,0
18489,1,1,0,0
18493,2,1,0,0
18515,1,1,0,0
18516,1,1,0,0
18525,3,3,0,1
18529,1,1,0,1
18537,2,2,0,1
18540,3,3,0,1
18555,1,1,0,1
18559,4,2,0,1
18566,1,1,0,1
18573,3,3,0,1
18583,2,2,0,1
18592,4,4,0,1
18612,2,2,0,1
18634,1,1,0,1
18639,3,3,0,1
18641,2,2,0,1
18643,2,1,0,0
18650,1,1,0,1
18654,3,3,0,1
18664,2,2,0,1
18666,1,1,0,1
18683,3,3,0,1
18686,2,2,0,1
18705,1,1,0,1
18706,3,3,0,1
18707,2,2,0,1
18708,3,2,0,0
18711,3,3,0,1
18720,1,1,0,1
18728,4,2,0,1
18729,4,1,0,0
18730,1,1,0,0
18755,1,1,0,1
18758,3,3,0,1
18761,2,2,0,1
18766,4,1,0,0
18776,1,1,0,1
18780,3,3,0,1
18788,3,2,0,1
18804,1,1,0,0
18805,2,1,0,0
18808,1,1,0,0
18815,1,1,0,0
18816,2,1,0,0
18817,1,1,0,0
18819,1,1,0,0
18820,3,1,0,0
18824,3,1,0,0
18825,1,1,0,0
18830,3,1,0,0
18834,2,1,0,0
18838,1,1,0,0
18839,1,1,0,0
18877,3,1,0,0
18878,2,1,0,0
18880,2,1,0,0
18889,1,1,0,0
18890,2,1,0,0
18893,1,1,0,0
18894,1,1,0,0
18918,2,1,0,0
18920,4,1,0,0
18923,5,1,0,0
18934,3,1,0,0
18935,1,1,0,0
18936,4,1,0,0
18950,1,1,0,0
18951,3,1,0,0
18952,3,1,0,0
18962,3,1,0,0
18963,1,1,0,0
18966,1,1,0,0
18967,1,1,0,0
18978,6,2,0,0
18981,3,1,0,0
18982,1,1,0,0
18992,3,1,0,0
18993,1,1,0,0
18994,5,1,0,0
19001,2,1,0,0
19003,2,1,0,0
19012,2,1,0,0
19013,4,2,0,0
19014,2,1,0,0
19029,2,1,0,0
19038,3,3,0,1
19054,1,1,0,1
19057,2,2,0,1
19064,2,1,0,0
19071,1,1,0,1
19072,3,3,0,1
19086,2,2,0,1
19097,1,1,0,1
19101,3,3,0,1
19112,2,2,0,1
19133,1,1,0,1
19135,3,3,0,1
19140,2,2,0,1
19165,3,3,0,1
19168,1,1,0,1
19172,2,2,0,1
19179,3,3,0,1
19191,1,1,0,1
19195,4,2,0,1
19196,2,1,0,0
19207,3,3,0,1
19211,1,1,0,1
19216,3,2,0,1
19217,2,1,0,0
19218,1,1,0,0
19247,3,3,0,1
19249,2,2,0,1
19256,1,1,0,1
19257,2,2,0,1
19263,1,1,0,1
19273,4,2,0,1
19276,2,1,0,0
19279,3,1,0,0
19280,5,1,0,0
19313,8,1,0,0
19314,4,1,0,0
19334,2,1,0,0
19355,2,1,0,0
19357,1,1,0,0
19358,3,1,0,0
19359,2,1,0,0
19368,1,1,0,0
19371,2,1,0,0
19372,1,1,0,0
19380,1,1,0,0
19381,1,1,0,0
19383,1,1,0,0
19385,2,1,0,0
19387,1,1,0,0
19391,1,1,0,0
19392,2,1,0,0
19394,1,1,0,0
19401,1,1,0,0
19402,2,1,0,0
19405,1,1,0,0
19420,2,1,0,0
19427,4,2,0,0
19428,3,1,0,0
19436,1,1,0,0
19438,1,1,0,0
19441,1,1,0,0
19447,1,1,0,0
19449,4,1,0,0
19466,2,1,0,0
19489,1,1,0,0
19490,1,1,0,0
19501,1,1,0,0
19502,1,1,1,0
19507,1,1,0,0
19543,1,1,0,0
19544,5,2,0,0
19545,1,1,0,0
19546,4,1,0,0
19550,1,1,0,0
19555,1,1,0,0
19556,4,1,0,0
19570,2,1,0,0
19587,2,1,0,0
19588,2,1,0,0
19589,1,1,0,0
19598,2,1,0,0
19599,3,1,0,0
19605,1,1,0,0
19627,1,1,0,0
19641,2,1,0,0
19660,2,1,0,0
19662,2,1,0,0
19680,1,1,0,0
19684,1,1,0,0
19741,1,1,0,0
19742,2,1,0,0
19745,2,1,0,0
19747,2,1,0,0
19756,4,2,0,0
19757,8,2,0,0
19758,2,1,0,0
19760,4,1,0,0
19764,1,1,0,0
19766,5,1,0,0
19769,2,1,0,0
19785,4,1,0,0
19788,2,1,0,0
19789,2,1,0,0
19793,1,1,0,0
19795,2,1,0,0
19796,2,1,0,0
19812,2,1,0,0
19813,2,1,0,0
19832,2,1,0,0
19839,4,1,0,0
19844,2,1,0,0
19846,4,1,0,0
19847,4,1,0,0
19923,4,1,0,0
19925,1,1,0,0
19928,2,1,0,0
19936,1,1,0,0
19938,4,1,0,0
19939,1,1,0,0
19943,1,1,0,0
19963,2,1,0,0
19981,2,1,0,0
19982,2,1,0,0
20012,4,1,0,0
20015,4,1,0,0
20027,1,1,0,0
20030,4,1,0,0
20045,1,1,0,0
20047,2,1,0,0
20048,2,1,0,0
20086,4,1,0,0
20103,2,1,0,0
20104,2,1,0,0
20109,2,1,0,0
20130,4,1,0,0
20133,4,1,0,0
20147,4,1,0,0
20159,4,1,0,0
20167,2,1,0,0
20168,2,1,0,0
20197,1,1,0,0
20198,2,1,0,0
20202,2,1,0,0
20204,8,1,0,0
20208,1,1,0,0
20211,2,1,0,0
20212,2,1,0,0
20232,8,1,0,0
20246,1,1,0,0
20248,2,1,0,0
20249,2,1,0,0
20252,1,1,0,0
20325,4,1,0,0
20333,1,1,0,0
20334,4,1,0,0
20367,4,1,0,0
20409,2,1,0,0
20410,2,1,0,0
20416,4,1,0,0
20419,1,1,0,0
20420,1,1,0,0
20421,2,1,0,0
20435,2,1,0,0
20436,2,1,0,0
20437,2,1,0,0
20438,3,1,0,0
20489,1,1,0,0
20493,2,1,0,0
20494,3,2,0,0
20496,1,1,0,0
20498,2,1,0,0
20499,2,1,0,0
20510,4,1,0,0
20516,2,1,0,0
20517,4,1,0,0
20518,1,1,0,0
20520,4,1,0,0
20545,4,1,0,0
20549,4,1,0,0
20554,4,1,0,0
20555,2,1,0,0
20556,2,1,0,0
20561,4,1,0,0
20590,4,1,0,0
20594,1,1,0,0
20595,3,1,0,0
20635,1,1,0,0
20639,2,1,0,0
20640,2,1,0,0
20723,3,1,0,0
20724,1,1,0,0
20728,2,1,0,0
20729,2,1,0,0
20730,1,1,0,0
20733,4,1,0,0
20734,3,2,0,0
20735,2,1,0,0
20739,4,1,0,0
20743,3,1,0,0
20744,2,1,0,0
20756,2,1,0,0
20758,4,1,0,0
20759,2,1,0,0
20764,1,1,0,0
20769,4,1,0,0
20770,1,1,0,0
20818,2,1,0,0
20819,2,1,0,0
20855,2,1,0,0
20856,3,1,0,0
20876,4,1,0,0
20896,4,1,0,0
20899,1,1,0,0
20900,3,1,0,0
20904,4,1,0,0
20906,4,1,0,0
20929,1,1,0,0
20952,2,1,0,0
20958,1,1,0,0
20959,1,1,0,0
20960,2,1,0,0
20976,2,1,0,0
20977,2,1,0,0
20979,4,1,0,0
20980,4,1,0,0
20989,1,1,0,0
20993,3,2,0,0
20994,2,1,0,0
21021,4,1,0,0
21027,3,1,0,0
21028,1,1,0,0
21033,2,1,0,0
21034,2,1,0,0
21038,4,1,0,0
21039,5,1,0,0
21048,1,1,0,0
21049,4,1,0,0
21056,3,2,0,0
21057,2,1,0,0
21086,2,1,0,0
21088,3,1,0,0
21097,4,1,0,0
21098,4,1,0,0
21099,4,1,0,0
21101,1,1,0,0
21150,2,1,0,0
21151,2,1,0,0
21157,1,1,0,0
21158,1,1,0,0
21167,2,1,0,0
21180,2,1,0,0
21181,2,1,0,0
21184,1,1,0,0
21205,2,1,0,0
21206,2,1,0,0
21209,1,1,0,0
21216,2,1,0,0
21217,4,1,0,0
21218,2,1,0,0
21221,4,1,0,0
21250,4,1,0,0
21251,4,1,0,0
21252,4,1,0,0
21256,1,1,0,0
21264,4,1,0,0
21277,4,1,0,0
21280,2,1,0,0
21281,2,1,0,0
21289,1,1,0,0
21307,4,1,0,0
21309,4,1,0,0
21316,2,1,0,0
21330,1,1,0,0
21340,2,1,0,0
21341,2,1,0,0
21351,4,1,0,0
21364,2,1,0,0
21365,1,1,0,0
21366,2,2,0,0
21371,4,1,0,0
21378,2,1,0,0
21379,1,1,0,0
21380,1,1,0,0
21424,1,1,0,0
21425,1,1,0,0
21426,4,1,0,0
21436,1,1,0,0
21442,1,1,0,0
21445,1,1,0,0
21447,1,1,0,0
21467,2,1,0,0
21468,2,1,0,0
21471,1,1,0,0
21498,2,1,0,0
21507,1,1,0,0
21542,2,1,0,0
21543,2,1,0,0
21550,3,1,0,0
21551,1,1,0,0
21558,1,1,0,0
21559,3,1,0,0
21561,5,1,0,0
21580,1,1,0,0
21607,2,1,0,0
21608,2,1,0,0
21618,1,1,0,0
21624,1,1,0,0
21627,2,1,0,0
21628,2,1,0,0
21636,1,1,0,0
21640,2,1,0,0
21641,4,1,0,0
21646,1,1,0,0
21653,2,1,0,0
21654,2,1,0,0
21659,4,1,0,0
21660,4,1,0,0
21661,3,1,0,0
21687,2,1,0,0
21698,1,1,0,0
21700,4,1,0,0
21708,1,1,0,0
21713,5,2,0,0
21717,4,1,0,0
21741,4,1,0,0
21762,1,1,0,0
21776,1,1,0,0
21805,3,1,0,0
21809,2,1,0,0
21811,1,1,0,0
21818,4,1,0,0
21819,1,1,0,0
21835,4,1,0,0
21842,2,1,0,0
21846,2,1,0,0
21865,1,1,0,0
21870,1,1,0,0
21883,4,1,0,0
21894,1,1,0,0
21895,1,1,0,0
21896,2,1,0,0
21899,2,1,0,0
21900,2,1,0,0
21905,2,1,0,0
21907,4,1,0,0
21910,4,1,0,0
21913,4,1,0,0
21953,1,1,0,0
21958,2,1,0,0
21963,1,1,0,0
21964,3,1,0,0
21966,1,1,0,0
21976,6,2,0,0
21984,5,2,0,0
21988,2,1,0,0
21993,1,1,0,0
22003,2,1,0,0
22004,2,1,0,0
22006,2,1,0,0
22027,1,1,0,0
22028,1,1,0,0
22035,4,1,0,0
22036,4,1,0,0
22038,1,1,0,0
22042,4,1,0,0
22056,1,1,0,0
22057,1,1,0,0
22059,1,1,0,0
22072,1,1,0,0
22075,5,2,0,0
22091,4,1,0,0
22092,1,1,0,0
22098,2,1,0,0
22099,2,1,0,0
22109,4,1,0,0
22119,4,1,0,0
22129,3,1,0,0
22130,1,1,0,0
22141,1,1,0,0
22142,2,1,0,0
22143,2,1,0,0
22150,1,1,0,0
22151,2,1,0,0
22152,2,1,0,0
22158,1,1,0,0
22160,4,1,0,0
22166,2,1,0,0
22177,1,1,0,0
22199,2,1,0,0
22200,2,1,0,0
22212,3,1,0,0
22213,2,1,0,0
22215,2,1,0,0
22220,8,1,0,0
22221,1,1,0,0
22230,2,1,0,0
22231,2,1,0,0
22235,1,1,0,0
22236,1,1,0,0
22255,4,1,0,0
22261,1,1,0,0
22267,1,1,0,0
22290,1,1,0,0
22293,4,1,0,0
22294,1,1,0,0
22296,1,1,0,0
22297,2,1,0,0
22312,4,1,0,0
22313,1,1,0,0
22316,2,1,0,0
22317,3,1,0,0
22318,1,1,0,0
22319,2,1,0,0
22322,4,2,0,0
22323,2,1,0,0
22331,1,1,0,0
22344,1,1,0,0
22352,4,1,0,0
22375,2,1,0,0
22378,1,1,0,0
22387,5,2,0,0
22395,1,1,0,0
22399,1,1,0,0
22402,2,1,0,0
22404,2,1,0,0
22406,2,1,0,0
22414,2,1,0,0
22415,2,1,0,0
22427,1,1,0,0
22428,3,1,0,0
22429,1,1,0,0
22438,1,1,0,0
22439,3,1,0,0
22440,2,1,0,0
22444,2,1,0,0
22445,2,1,0,0
22446,2,1,0,0
22447,2,1,0,0
22449,1,1,0,0
22450,3,1,0,0
22452,4,1,0,0
22475,2,1,0,0
22476,2,1,0,0
22496,1,1,0,0
22499,2,1,0,0
22509,4,1,0,0
22510,1,1,0,0
22525,4,1,0,0
22526,1,1,0,0
22530,5,2,0,0
22531,4,1,0,0
22545,4,1,0,0
22548,1,1,0,0
22553,2,1,0,0
22555,2,1,0,0
22557,4,1,0,0
22564,4,1,0,0
22576,2,1,0,0
22587,4,1,0,0
22612,7,1,0,0
22613,1,1,0,0
22624,2,1,0,0
22625,2,1,0,0
22658,4,1,0,0
22661,1,1,0,0
22669,4,1,0,0
22682,6,1,0,0
22683,2,1,0,0
22688,2,1,0,0
22689,2,1,0,0
22691,4,1,0,0
22692,4,1,0,0
22696,4,1,0,0
22705,4,1,0,0
22708,1,1,0,0
22715,1,1,0,0
22720,2,1,0,0
22731,3,1,0,0
22741,1,1,0,0
22746,3,2,0,0
22747,3,2,0,0
22762,5,2,0,0
22767,4,1,0,0
22768,3,1,0,0
22769,1,1,0,0
22799,2,1,0,0
22800,2,1,0,0
22806,2,1,0,0
22811,2,1,0,0
22812,2,1,0,0
22813,2,1,0,0
22820,2,1,0,0
22821,4,1,0,0
22823,2,1,0,0
22837,4,1,0,0
22838,6,1,0,0
22839,2,1,0,0
22841,2,1,0,0
22842,2,1,0,0
22848,1,1,0,0
22852,1,1,0,0
22854,4,1,0,0
22880,4,1,0,0
22887,3,1,0,0
22888,1,1,0,0
22889,4,1,0,0
22901,4,1,0,0
22903,1,1,0,0
22905,2,1,0,0
22908,1,1,0,0
22910,4,1,0,0
22918,1,1,0,0
22919,4,1,0,0
22921,2,1,0,0
22926,2,1,0,0
22927,6,1,0,0
22946,4,1,0,0
22955,2,1,0,0
22956,2,1,0,0
22958,4,1,0,0
22962,4,1,0,0
22967,1,1,0,0
22985,4,1,0,0
22987,4,1,0,0
22995,1,1,0,0
23007,2,1,0,0
23008,2,1,0,0
23017,2,1,0,0
23018,2,1,0,0
23023,4,1,0,0
23032,4,1,0,0
23033,4,1,0,0
23040,7,1,0,0
23041,1,1,0,0
23051,4,1,0,0
23060,9,1,0,0
23061,1,1,0,0
23084,4,1,0,0
23087,1,1,0,0
23090,3,2,0,0
23091,2,1,0,0
23097,4,1,0,0
23098,4,1,0,0
23101,3,1,0,0
23102,6,1,0,0
23110,4,1,0,0
23116,4,1,0,0
23131,2,1,0,0
23132,6,1,0,0
23139,2,1,0,0
23140,2,1,0,0
23148,4,1,0,0
23150,1,1,0,0
23168,4,1,0,0
23169,4,1,0,0
23176,1,1,0,0
23186,2,1,0,0
23187,8,1,0,0
23188,2,1,0,0
23193,4,1,0,0
23202,4,1,0,0
23204,3,1,0,0
23205,1,1,0,0
23235,1,1,0,0
23248,7,2,0,0
23249,4,1,0,0
23250,1,1,0,0
23262,4,1,0,0
23268,2,1,0,0
23269,4,1,0,0
23270,2,1,0,0
23276,4,1,0,0
23277,1,1,0,0
23279,4,1,0,0
23282,2,1,0,0
23283,2,1,0,0
23287,1,1,0,0
23302,2,1,0,0
23303,2,1,0,0
23321,2,1,0,0
23322,2,1,0,0
23341,2,1,0,0
23342,6,1,0,0
23344,1,1,0,0
23351,3,1,0,0
23352,1,1,0,0
23354,4,1,0,0
23355,1,1,0,0
23366,3,1,0,0
23367,1,1,0,0
23380,1,1,0,0
23382,3,1,0,0
23387,1,1,0,0
23388,2,1,0,0
23389,1,1,0,0
23392,1,1,0,0
23393,1,1,0,0
23394,2,1,0,0
23400,8,1,0,0
23401,1,1,0,0
23404,4,1,0,0
23417,1,1,0,0
23429,4,1,0,0
23434,1,1,0,0
23436,1,1,0,0
23443,1,1,0,0
23451,1,1,0,0
23466,3,2,0,0
23467,2,1,0,0
23468,1,1,0,0
23469,1,1,0,0
23470,1,1,0,0
23477,1,1,0,0
23483,4,1,0,0
23489,4,1,0,0
23490,4,1,0,0
23491,5,2,0,0
23492,5,2,0,0
23501,5,2,0,0
23502,5,2,0,0
23503,1,1,0,0
23504,1,1,0,0
23508,2,1,0,0
23509,2,1,0,0
23512,1,1,0,0
23513,2,1,0,0
23517,1,1,0,0
23531,2,1,0,0
23536,1,1,0,0
23555,5,2,0,0
23556,1,1,0,0
23558,1,1,0,0
23559,1,1,0,0
23563,1,1,0,0
23565,5,2,0,0
23572,4,1,0,0
23577,2,1,0,0
23588,7,1,0,0
23589,1,1,0,0
23590,1,1,0,0
23601,6,1,0,0
23602,6,1,0,0
23608,4,1,0,0
23621,1,1,0,0
23629,1,1,0,0
23634,1,1,0,0
23637,1,1,0,0
23663,1,1,0,0
23664,7,1,0,0
23668,6,1,0,0
23669,6,1,0,0
23696,1,1,0,0
23719,1,1,0,0
23725,1,1,0,0
23739,4,1,0,0
23743,1,1,0,0
23744,3,1,0,0
23747,4,1,0,0
23749,1,1,0,0
23752,1,1,0,0
23760,8,1,0,0
23762,1,1,0,0
23773,4,1,0,0
23777,4,1,0,0
23784,4,1,0,0
23788,5,1,0,0
23792,1,1,0,0
23827,1,1,0,0
23831,2,1,0,0
23832,2,1,0,0
23845,1,1,0,0
23880,2,1,0,0
23897,3,1,0,0
23898,9,1,0,0
23913,1,1,0,0
23916,1,1,0,0
23929,2,1,0,0
23930,2,1,0,0
23933,4,1,0,0
23936,4,1,0,0
23946,1,1,0,0
23961,1,1,0,0
23962,2,1,0,0
23963,2,1,0,0
23965,2,1,0,0
23966,2,1,0,0
23973,3,1,0,0
23974,1,1,0,0
23976,1,1,0,0
23985,8,1,0,0
23986,1,1,0,0
23995,7,1,0,0
23996,6,2,0,0
23997,4,1,0,0
24001,3,1,0,0
24002,2,1,0,0
24003,1,1,0,0
24017,1,1,0,0
24021,2,1,0,0
24024,1,1,0,0
24026,1,1,0,0
24028,4,1,0,0
24051,1,1,0,0
24059,2,1,0,0
24060,2,1,0,0
24061,2,1,0,0
24065,4,1,0,0
24074,8,1,0,0
24079,4,1,0,0
24081,3,1,0,0
24082,1,1,0,0
24103,5,2,0,0
24105,10,2,0,0
24106,4,1,0,0
24126,1,1,0,0
24127,5,2,0,0
24128,4,1,0,0
24138,1,1,0,0
24139,3,1,0,0
24143,4,1,0,0
24145,4,1,0,0
24147,1,1,0,0
24155,2,1,0,0
24166,2,1,0,0
24167,7,2,0,0
24168,2,1,0,0
24169,1,1,0,0
24176,2,1,0,0
24177,2,1,0,0
24179,4,1,0,0
24185,4,1,0,0
24196,2,1,0,0
24198,4,1,0,0
24212,4,1,0,0
24214,3,2,0,0
24215,2,1,0,0
24216,2,1,0,0
24217,3,1,0,0
24219,2,1,0,0
24223,2,1,0,0
24225,8,1,0,0
24227,1,1,0,0
24234,1,1,0,0
24235,2,1,0,0
24236,2,1,0,0
24237,2,1,0,0
24238,2,1,0,0
24239,2,1,0,0
24240,2,1,0,0
24260,2,1,0,0
24261,4,1,0,0
24263,1,1,0,0
24268,11,2,0,0
24294,1,1,0,0
24299,2,1,0,0
24300,2,1,0,0
24301,2,1,0,0
24304,4,1,0,0
24305,3,2,0,0
24306,2,1,0,0
24310,2,1,0,0
24311,2,1,0,0
24321,2,1,0,0
24322,7,2,0,0
24327,2,1,0,0
24328,2,1,0,0
24329,6,1,0,0
24334,3,1,0,0
24335,2,1,0,0
24342,4,1,0,0
24344,1,1,0,0
24345,2,1,0,0
24352,1,1,0,0
24355,3,1,0,0
24356,4,1,0,0
24357,2,1,0,0
24360,4,1,0,0
24361,2,1,0,0
24370,1,1,0,0
24377,4,1,0,0
24378,1,1,0,0
24384,4,1,0,0
24387,2,1,0,0
24388,2,1,0,0
24391,8,1,0,0
24393,4,1,0,0
24397,4,1,0,0
24401,1,1,0,0
24410,4,1,0,0
24412,1,1,0,0
24428,4,1,0,0
24435,4,1,0,0
24438,6,2,0,0
24439,9,2,0,0
24440,6,2,0,0
24441,2,1,0,0
24442,4,1,0,0
24456,1,1,0,0
24464,2,1,0,0
24465,6,1,0,0
24469,3,2,0,0
24470,9,2,0,0
24471,2,1,0,0
24472,2,1,0,0
24487,6,1,0,0
24488,4,2,0,0
24491,1,1,0,0
24494,5,2,0,0
24496,4,1,0,0
24499,4,1,0,0
24500,4,1,0,0
24501,4,1,0,0
24503,6,2,0,0
24509,1,1,0,0
24515,2,1,0,0
24516,6,1,0,0
24520,6,2,0,0
24521,4,1,0,0
24524,2,1,0,0
24525,2,1,0,0
24527,2,1,0,0
24546,1,1,0,0
24547,10,2,0,0
24560,4,1,0,0
24562,2,1,0,0
24563,2,1,0,0
24568,4,1,0,0
24572,1,1,0,0
24574,4,1,0,0
24575,4,1,0,0
24579,6,2,0,0
24580,4,1,0,0
24590,2,1,0,0
24591,2,1,0,0
24592,5,2,0,0
24601,1,1,0,0
24603,3,1,0,0
24605,1,1,0,0
24607,4,1,0,0
24622,4,1,0,0
24626,4,1,0,0
24629,4,1,0,0
24636,1,1,0,0
24638,2,1,0,0
24639,2,1,0,0
24640,2,1,0,0
24652,1,1,0,0
24654,6,2,0,0
24665,4,1,0,0
24678,5,2,0,0
24679,6,2,0,0
24681,1,1,0,0
24685,4,1,0,0
24687,4,1,0,0
24702,2,1,0,0
24704,1,1,0,0
24705,4,2,0,0
24706,1,1,0,0
24707,2,1,0,0
24708,2,1,0,0
24712,4,1,0,0
24715,4,1,0,0
24727,1,1,0,0
24737,1,1,0,0
24738,2,1,0,0
24748,1,1,0,0
24749,4,1,0,0
24750,2,1,0,0
24753,3,2,0,0
24754,3,1,0,0
24755,5,2,0,0
24767,3,1,0,0
24768,1,1,0,0
24770,1,1,0,0
24771,5,2,0,0
24773,1,1,0,0
24775,4,1,0,0
24781,1,1,0,0
24785,2,1,0,0
24786,2,1,0,0
24787,4,1,0,0
24806,3,1,0,0
24811,1,1,0,0
24817,4,1,0,0
24821,2,1,0,0
24832,2,1,0,0
24843,4,1,0,0
24844,3,1,0,0
24845,2,2,0,0
24846,4,1,0,0
24850,2,1,0,0
24865,4,1,0,0
24867,1,1,0,0
24869,1,1,0,0
24872,1,1,0,0
24873,4,1,0,0
24874,1,1,0,0
24875,3,1,0,0
24890,4,1,0,0
24891,2,1,0,0
24893,4,2,0,0
24894,4,1,0,0
24912,2,1,0,0
24913,1,1,0,0
24914,3,1,0,0
24928,4,1,0,0
24929,1,1,0,0
24930,1,1,0,0
24931,4,1,0,0
24933,1,1,0,0
24934,4,1,0,0
24938,4,1,0,0
24942,2,1,0,0
24944,1,1,0,0
24952,4,1,0,0
24954,1,1,0,0
24961,1,1,0,0
24962,4,1,0,0
24963,4,1,0,0
24964,2,1,0,0
24965,3,1,0,0
24966,4,1,0,0
24967,2,1,0,0
24986,2,1,0,0
24987,2,1,0,0
25006,1,1,0,0
25007,1,1,0,0
25008,5,2,0,0
25009,1,1,0,0
25010,1,1,0,0
25014,4,1,0,0
25015,1,1,0,0
25021,4,1,0,0
25022,2,1,0,0
25023,1,1,0,0
25025,4,1,0,0
25027,4,1,0,0
25039,1,1,0,0
25044,6,2,0,0
25045,1,1,0,0
25047,4,1,0,0
25048,6,2,0,0
25049,4,1,0,0
25051,4,1,0,0
25065,2,1,0,0
25066,1,1,0,0
25067,3,1,0,0
25068,1,1,0,0
25073,5,2,0,0
25082,4,1,0,0
25083,2,1,0,0
25084,1,1,0,0
25085,3,1,0,0
25091,1,1,0,0
25093,6,2,0,0
25100,2,1,0,0
25104,1,1,0,0
25105,7,1,0,0
25106,1,1,0,0
25113,2,1,0,0
25114,1,1,0,0
25119,8,1,0,0
25120,4,1,0,0
25124,1,1,0,0
25139,1,1,0,0
25145,1,1,0,0
25154,1,1,0,0
25155,1,1,0,0
25156,4,1,0,0
25162,4,1,0,0
25165,2,1,0,0
25166,2,1,0,0
25167,1,1,0,0
25168,4,1,0,0
25173,4,1,0,0
25181,1,1,0,0
25191,1,1,0,0
25197,1,1,0,0
25200,4,1,0,0
25204,4,1,0,0
25209,2,1,0,0
25229,4,1,0,0
25230,4,1,0,0
25250,1,1,0,0
25255,2,1,0,0
25258,3,2,0,0
25259,2,1,0,0
25262,2,1,0,0
25272,1,1,0,0
25273,8,1,0,0
25290,2,1,0,0
25291,3,2,0,0
25298,1,1,0,0
25309,2,1,0,0
25310,2,1,0,0
25313,2,1,0,0
25314,2,1,0,0
25331,1,1,0,0
25340,4,1,0,0
25354,5,2,0,0
25357,8,1,0,0
25361,4,1,0,0
25370,1,1,0,0
25374,1,1,0,0
25377,1,1,0,0
25388,1,1,0,0
25420,1,1,0,0
25423,5,2,0,0
25427,4,1,0,0
25431,2,1,0,0
25432,2,1,0,0
25435,1,1,0,0
25436,2,1,0,0
25439,5,2,0,0
25440,2,1,0,0
25441,2,1,0,0
25452,1,1,0,0
25465,4,1,0,0
25466,1,1,0,0
25467,2,1,0,0
25468,2,1,0,0
25469,2,1,0,0
25479,2,1,0,0
25489,4,1,0,0
25498,1,1,0,0
25499,1,1,0,0
25519,3,1,0,0
25520,4,1,0,0
25521,3,2,0,0
25525,4,1,0,0
25526,4,1,0,0
25530,2,1,0,0
25531,3,1,0,0
25532,1,1,0,0
25533,4,1,0,0
25534,1,1,0,0
25535,3,1,0,0
25537,2,1,0,0
25538,2,1,0,0
25560,1,1,0,0
25562,2,1,0,0
25571,2,1,0,0
25572,2,1,0,0
25578,4,1,0,0
25581,3,2,0,0
25582,2,1,0,0
25588,5,2,0,0
25597,2,1,0,0
25600,5,1,0,0
25601,3,1,0,0
25606,1,1,0,0
25607,5,2,0,0
25615,4,1,0,0
25618,4,1,0,0
25622,4,1,0,0
25624,1,1,0,0
25664,1,1,0,0
25682,4,1,0,0
25684,1,1,0,0
25685,1,1,0,0
25693,1,1,0,0
25694,1,1,0,0
25696,2,1,0,0
25705,1,1,0,0
25716,5,2,0,0
25724,2,1,0,0
25725,2,1,0,0
25726,3,1,0,0
25727,1,1,0,0
25755,1,1,0,0
25811,1,1,0,0
25832,2,1,0,0
25860,2,1,0,0
25861,2,1,0,0
25920,4,1,0,0
25921,1,1,0,0
25923,2,1,0,0
25936,4,1,0,0
25940,1,1,0,0
25950,5,2,0,0
25954,2,1,0,0
25955,2,1,0,0
25988,1,1,0,0
26002,1,1,0,0
26048,5,1,0,0
26106,1,1,0,0
26130,1,1,0,0
26135,6,2,0,0
26144,4,1,0,0
26152,4,1,0,0
26160,1,1,0,0
26167,1,1,0,0
26181,1,1,0,0
26184,1,1,0,0
26198,1,1,0,0
26221,1,1,0,0
26231,1,1,0,0
26260,1,1,0,0
26269,1,1,0,0
26273,1,1,0,0
26284,1,1,0,0
26285,1,1,0,0
26287,1,1,0,0
26292,1,1,0,0
26296,1,1,0,0
26324,1,1,0,0
26325,1,1,0,0
26326,1,1,0,0
26357,1,1,0,0
26366,1,1,0,0
26368,1,1,0,0
26371,1,1,0,0
26390,1,1,0,0
26411,1,1,0,0
26414,1,1,0,0
26425,1,1,0,0
26427,1,1,0,0
26433,1,1,0,0
26436,1,1,0,0
26474,1,1,0,0
26479,1,1,0,0
26480,1,1,0,0
26505,1,1,0,0
26522,1,1,0,0
26537,1,1,0,0
26539,1,1,0,0
26549,1,1,0,0
26550,2,1,0,0
26554,1,1,0,0
26562,1,1,0,0
26563,1,1,0,0
26564,1,1,0,0
26570,1,1,0,0
26580,1,1,0,0
26587,1,1,0,0
26590,1,1,0,0
26600,1,1,0,0
26618,1,1,0,0
26629,1,1,0,0
26631,1,1,0,0
26636,1,1,0,0
26650,2,1,0,0
26671,1,1,0,0
26675,1,1,0,0
26677,1,1,0,0
26690,1,1,0,0
26698,1,1,0,0
26704,1,1,0,0
26708,1,1,0,0
26713,1,1,0,0
26723,1,1,0,0
26731,1,1,0,0
26736,1,1,0,0
26756,1,1,0,0
26757,1,1,0,0
26769,2,1,0,0
26770,1,1,0,0
26778,1,1,0,0
26779,1,1,0,0
26784,1,1,0,0
26785,1,1,0,0
26793,1,1,0,0
26807,1,1,0,0
26822,1,1,0,0
26828,1,1,0,0
26832,1,1,0,0
26841,1,1,0,0
26851,1,1,0,0
26873,2,1,0,0
26895,1,1,0,0
26919,1,1,0,0
26927,1,1,0,0
26936,1,1,0,0
26940,1,1,0,0
26942,1,1,0,0
26962,1,1,0,0
26964,1,1,0,0
26968,1,1,0,0
26982,1,1,0,0
26995,1,1,0,0
26997,1,1,0,0
27001,1,1,0,0
27011,1,1,0,0
27012,1,1,0,0
27033,1,1,0,0
27036,1,1,0,0
27071,1,1,0,0
27072,1,1,0,0
27076,1,1,0,0
27087,1,1,0,0
27091,1,1,0,0
27101,1,1,0,0
27123,1,1,0,0
27128,1,1,0,0
27133,1,1,0,0
27135,1,1,0,0
27138,1,1,0,0
27142,2,1,0,0
27154,1,1,0,0
27164,1,1,0,0
27185,1,1,0,0
27199,2,1,0,0
27203,1,1,0,0
27221,1,1,0,0
27222,1,1,0,0
27235,1,1,0,0
27257,2,1,0,0
27263,1,1,0,0
27269,1,1,0,0
27272,1,1,0,0
27299,1,1,0,0
27302,1,1,0,0
27331,1,1,0,0
27333,1,1,0,0
27349,1,1,0,0
27357,1,1,0,0
27361,1,1,0,0
27363,1,1,0,0
27365,1,1,0,0
27369,1,1,0,0
27376,1,1,0,0
27390,1,1,0,0
27394,2,1,0,0
27404,1,1,0,0
27406,1,1,0,0
27422,1,1,0,0
27442,1,1,0,0
27452,1,1,0,0
27460,1,1,0,0
27469,1,1,0,0
27474,1,1,0,0
27477,1,1,0,0
27488,1,1,0,0
27501,1,1,0,0
27515,1,1,0,0
27522,1,1,0,0
27532,1,1,0,0
27543,1,1,0,0
27555,1,1,0,0
27570,1,1,0,0
27601,1,1,0,0
27609,1,1,0,0
27612,1,1,0,0
27614,1,1,0,0
27623,1,1,0,0
27630,1,1,0,0
27634,1,1,0,0
27639,1,1,0,0
27652,1,1,0,0
27668,1,1,0,0
27671,1,1,0,0
27729,1,1,0,0
27732,1,1,0,0
27744,1,1,0,0
27746,1,1,0,0
27750,1,1,0,0
27753,1,1,0,0
27761,1,1,0,0
27765,1,1,0,0
27766,1,1,0,0
27769,1,1,0,0
27781,1,1,0,0
27818,1,1,0,0
27826,1,1,0,0
27829,1,1,0,0
27832,1,1,0,0
27838,1,1,0,0
27845,1,1,0,0
27846,1,1,0,0
27853,1,1,0,0
27856,2,1,0,0
27890,1,1,0,0
27894,1,1,0,0
27895,1,1,0,0
27896,1,1,0,0
27897,1,1,0,0
27898,1,1,0,0
27900,1,1,0,0
27901,1,1,0,0
27912,1,1,0,0
27922,1,1,0,0
27929,1,1,0,0
27933,1,1,0,0
27944,1,1,0,0
27958,1,1,0,0
27959,1,1,0,0
27968,2,1,0,0
27983,1,1,0,0
27997,1,1,0,0
28025,1,1,0,0
28040,1,1,0,0
28065,1,1,0,0
28066,1,1,0,0
28086,1,1,0,0
28087,1,1,0,0
28106,1,1,0,0
28117,1,1,0,0
28118,1,1,0,0
28133,1,1,0,0
28149,1,1,0,0
28155,1,1,0,0
28158,1,1,0,0
28163,2,1,0,0
28166,1,1,0,0
28197,1,1,0,0
28216,1,1,0,0
28233,1,1,0,0
28241,1,1,0,0
28242,1,1,0,0
28256,1,1,0,0
28259,1,1,0,0
28272,1,1,0,0
28281,1,1,0,0
28285,1,1,0,0
28287,1,1,0,0
28291,1,1,0,0
28293,1,1,0,0
28305,1,1,0,0
28307,1,1,0,0
28361,1,1,0,0
28377,1,1,0,0
28391,1,1,0,0
28409,1,1,0,0
28417,1,1,0,0
28418,1,1,0,0
28441,1,1,0,0
28444,1,1,0,0
28448,1,1,0,0
28467,1,1,0,0
28477,1,1,0,0
28485,1,1,0,0
28496,1,1,0,0
28499,1,1,0,0
28502,2,1,0,0
28503,1,1,0,0
28505,1,1,0,0
28515,1,1,0,0
28519,1,1,0,0
28528,1,1,0,0
28535,1,1,0,0
28538,1,1,0,0
28540,1,1,0,0
28554,1,1,0,0
28559,1,1,0,0
28584,1,1,0,0
28590,1,1,0,0
28591,1,1,0,0
28593,1,1,0,0
28607,1,1,0,0
28614,1,1,0,0
28616,1,1,0,0
28644,1,1,0,0
28645,1,1,0,0
28650,1,1,0,0
28658,1,1,0,0
28664,1,1,0,0
28677,1,1,0,0
28702,1,1,0,0
28707,1,1,0,0
28732,1,1,0,0
28739,1,1,0,0
28748,1,1,0,0
28756,1,1,0,0
28759,1,1,0,0
28768,1,1,0,0
28800,1,1,0,0
28818,1,1,0,0
28858,1,1,0,0
28860,1,1,0,0
28870,1,1,0,0
28919,1,1,0,0
28922,2,1,0,0
28923,1,1,0,0
28929,1,1,0,0
28948,1,1,0,0
28955,1,1,0,0
28957,1,1,0,0
28965,1,1,0,0
28990,1,1,0,0
29011,1,1,0,0
29031,1,1,0,0
29038,1,1,0,0
29044,2,1,0,0
29063,1,1,0,0
29069,1,1,0,0
29079,2,1,0,0
29084,1,1,0,0
29108,1,1,0,0
29123,1,1,0,0
29141,1,1,0,0
29143,1,1,0,0
29146,1,1,0,0
29154,1,1,0,0
29178,1,1,0,0
29180,1,1,0,0
29194,1,1,0,0
29213,1,1,0,0
29220,1,1,0,0
29230,1,1,0,0
29232,1,1,0,0
29276,1,1,0,0
29302,1,1,0,0
29324,1,1,0,0
29344,1,1,0,0
29375,1,1,0,0
29387,1,1,0,0
29421,1,1,0,0
29429,1,1,0,0
29434,1,1,0,0
29444,1,1,0,0
29448,1,1,0,0
29458,1,1,0,0
29466,1,1,0,0
29467,1,1,0,0
29485,1,1,0,0
29498,1,1,0,0
29502,2,1,0,0
29531,2,1,0,0
29548,1,1,0,0
29550,1,1,0,0
29557,1,1,0,0
29569,1,1,0,0
29588,1,1,0,0
29603,1,1,0,0
29610,1,1,0,0
29627,2,1,0,0
29634,1,1,0,0
29661,1,1,0,0
29662,1,1,0,0
29677,1,1,0,0
29691,1,1,0,0
29697,1,1,0,0
29700,1,1,0,0
29702,1,1,0,0
29719,1,1,0,0
29731,1,1,0,0
29740,1,1,0,0
29760,1,1,0,0
29763,1,1,0,0
29767,1,1,0,0
29771,1,1,0,0
29777,1,1,0,0
29788,1,1,0,0
29793,1,1,0,0
29803,1,1,0,0
29805,1,1,0,0
29921,1,1,0,0
29935,1,1,0,0
29953,1,1,0,0
29985,1,1,0,0
29994,1,1,0,0
30013,1,1,0,0
